,flops,image_size,params,subnet_settings,top1,top5
0,580.474,"[1, 3, 32, 32]",17.91,"{'depth': [1, 2, 1, 3, 3], 'out_channel': [32, 40, 40, 80, 304, 304, 304, 512, 512, 512], 'kernel_size': [7, 3, 3, 3, 3, 3, 3, 3, 3, 3]}",15.96,99.81
1,454.276,"[1, 3, 32, 32]",14.31,"{'depth': [1, 1, 2, 3, 3], 'out_channel': [40, 32, 144, 144, 144, 144, 144, 512, 512, 512], 'kernel_size': [5, 3, 3, 3, 3, 3, 3, 3, 3, 3]}",11.72,99.72
2,671.984,"[1, 3, 32, 32]",9.572,"{'depth': [1, 2, 1, 3, 3], 'out_channel': [40, 88, 88, 112, 304, 304, 304, 288, 288, 288], 'kernel_size': [7, 3, 3, 3, 3, 3, 3, 3, 3, 3]}",10.84,99.69
3,496.111,"[1, 3, 32, 32]",7.084,"{'depth': [1, 2, 2, 1, 3], 'out_channel': [64, 64, 64, 160, 160, 224, 320, 320, 320], 'kernel_size': [5, 3, 3, 3, 3, 3, 3, 3, 3]}",16.08,99.79
4,178.526,"[1, 3, 32, 32]",5.216,"{'depth': [1, 2, 1, 1, 1], 'out_channel': [64, 32, 32, 80, 160, 640], 'kernel_size': [7, 3, 3, 3, 3, 3]}",74.29,99.67
5,531.453,"[1, 3, 32, 32]",12.143,"{'depth': [1, 1, 2, 2, 2], 'out_channel': [32, 88, 128, 128, 256, 256, 544, 544], 'kernel_size': [7, 3, 3, 3, 3, 3, 3, 3]}",10.52,99.67
6,645.199,"[1, 3, 32, 32]",17.327,"{'depth': [1, 2, 2, 1, 3], 'out_channel': [56, 72, 72, 144, 144, 176, 576, 576, 576], 'kernel_size': [3, 3, 3, 3, 3, 3, 3, 3, 3]}",12.63,99.74
7,378.182,"[1, 3, 32, 32]",14.244,"{'depth': [1, 1, 2, 3, 2], 'out_channel': [32, 40, 64, 64, 192, 192, 192, 640, 640], 'kernel_size': [7, 3, 3, 3, 3, 3, 3, 3, 3]}",13.96,99.72
8,266.751,"[1, 3, 32, 32]",3.419,"{'depth': [1, 1, 1, 1, 2], 'out_channel': [64, 88, 128, 144, 288, 288], 'kernel_size': [5, 3, 3, 3, 3, 3]}",43.48,99.78
9,272.962,"[1, 3, 32, 32]",6.909,"{'depth': [1, 2, 1, 2, 2], 'out_channel': [48, 40, 40, 112, 192, 192, 416, 416], 'kernel_size': [5, 3, 3, 3, 3, 3, 3, 3]}",12.46,99.68
10,603.019,"[1, 3, 32, 32]",9.127,"{'depth': [1, 2, 2, 3, 1], 'out_channel': [32, 56, 56, 144, 144, 288, 288, 288, 544], 'kernel_size': [3, 3, 3, 3, 3, 3, 3, 3, 3]}",11.11,99.75
11,331.781,"[1, 3, 32, 32]",10.181,"{'depth': [1, 1, 1, 2, 2], 'out_channel': [32, 40, 144, 224, 224, 512, 512], 'kernel_size': [5, 3, 3, 3, 3, 3, 3]}",14.88,99.78
12,498.825,"[1, 3, 32, 32]",14.709,"{'depth': [1, 1, 1, 3, 2], 'out_channel': [56, 56, 144, 240, 240, 240, 608, 608], 'kernel_size': [3, 3, 3, 3, 3, 3, 3, 3]}",14.5,99.76
13,275.492,"[1, 3, 32, 32]",3.548,"{'depth': [1, 2, 1, 3, 1], 'out_channel': [40, 56, 56, 96, 176, 176, 176, 352], 'kernel_size': [5, 3, 3, 3, 3, 3, 3, 3]}",14.28,99.77
14,691.804,"[1, 3, 32, 32]",22.797,"{'depth': [1, 1, 1, 3, 3], 'out_channel': [48, 64, 128, 288, 288, 288, 608, 608, 608], 'kernel_size': [7, 3, 3, 3, 3, 3, 3, 3, 3]}",12.42,99.73
15,646.001,"[1, 3, 32, 32]",10.406,"{'depth': [1, 2, 1, 3, 2], 'out_channel': [40, 96, 96, 128, 224, 224, 224, 480, 480], 'kernel_size': [5, 3, 3, 3, 3, 3, 3, 3, 3]}",10.64,99.69
16,402.905,"[1, 3, 32, 32]",8.121,"{'depth': [1, 1, 1, 2, 1], 'out_channel': [64, 72, 128, 272, 272, 640], 'kernel_size': [7, 3, 3, 3, 3, 3]}",24.52,99.81
17,400.84,"[1, 3, 32, 32]",12.231,"{'depth': [1, 1, 2, 1, 2], 'out_channel': [32, 72, 96, 96, 304, 576, 576], 'kernel_size': [7, 3, 3, 3, 3, 3, 3]}",38.32,99.83
18,452.596,"[1, 3, 32, 32]",10.522,"{'depth': [1, 2, 1, 1, 3], 'out_channel': [64, 80, 80, 96, 160, 448, 448, 448], 'kernel_size': [3, 3, 3, 3, 3, 3, 3, 3]}",42.75,99.79
19,455.381,"[1, 3, 32, 32]",6.604,"{'depth': [1, 2, 2, 1, 2], 'out_channel': [48, 88, 88, 64, 64, 304, 384, 384], 'kernel_size': [7, 3, 3, 3, 3, 3, 3, 3]}",37.33,99.84
20,279.976,"[1, 3, 32, 32]",6.536,"{'depth': [1, 1, 1, 2, 1], 'out_channel': [48, 32, 144, 240, 240, 576], 'kernel_size': [5, 3, 3, 3, 3, 3]}",31.37,99.8
21,210.293,"[1, 3, 32, 32]",3.274,"{'depth': [1, 2, 2, 1, 1], 'out_channel': [32, 48, 48, 80, 80, 208, 416], 'kernel_size': [5, 3, 3, 3, 3, 3, 3]}",48.67,99.76
22,363.084,"[1, 3, 32, 32]",12.674,"{'depth': [1, 1, 1, 3, 2], 'out_channel': [40, 32, 160, 160, 160, 160, 608, 608], 'kernel_size': [5, 3, 3, 3, 3, 3, 3, 3]}",14.62,99.7
23,241.782,"[1, 3, 32, 32]",5.417,"{'depth': [1, 1, 1, 2, 2], 'out_channel': [32, 32, 96, 272, 272, 288, 288], 'kernel_size': [3, 3, 3, 3, 3, 3, 3]}",24.97,99.78
24,553.915,"[1, 3, 32, 32]",7.332,"{'depth': [1, 2, 1, 3, 1], 'out_channel': [64, 80, 80, 64, 288, 288, 288, 448], 'kernel_size': [3, 3, 3, 3, 3, 3, 3, 3]}",27.07,99.83
25,664.607,"[1, 3, 32, 32]",9.983,"{'depth': [1, 2, 1, 3, 1], 'out_channel': [64, 88, 88, 96, 288, 288, 288, 640], 'kernel_size': [5, 3, 3, 3, 3, 3, 3, 3]}",18.82,99.83
26,548.737,"[1, 3, 32, 32]",12.59,"{'depth': [1, 1, 2, 3, 3], 'out_channel': [64, 72, 144, 144, 192, 192, 192, 448, 448, 448], 'kernel_size': [3, 3, 3, 3, 3, 3, 3, 3, 3, 3]}",10.49,99.64
27,391.794,"[1, 3, 32, 32]",7.818,"{'depth': [1, 2, 2, 1, 3], 'out_channel': [32, 72, 72, 80, 80, 272, 352, 352, 352], 'kernel_size': [7, 3, 3, 3, 3, 3, 3, 3, 3]}",25.92,99.79
28,497.637,"[1, 3, 32, 32]",15.322,"{'depth': [1, 2, 2, 2, 2], 'out_channel': [32, 32, 32, 96, 96, 320, 320, 608, 608], 'kernel_size': [3, 3, 3, 3, 3, 3, 3, 3, 3]}",12.38,99.72
29,337.507,"[1, 3, 32, 32]",10.402,"{'depth': [1, 1, 2, 3, 2], 'out_channel': [56, 40, 64, 64, 208, 208, 208, 512, 512], 'kernel_size': [3, 3, 3, 3, 3, 3, 3, 3, 3]}",14.87,99.73
30,485.308,"[1, 3, 32, 32]",16.834,"{'depth': [1, 1, 2, 1, 3], 'out_channel': [40, 48, 144, 144, 144, 576, 576, 576], 'kernel_size': [7, 3, 3, 3, 3, 3, 3, 3]}",19.0,99.77
31,513.242,"[1, 3, 32, 32]",6.194,"{'depth': [1, 2, 2, 2, 1], 'out_channel': [56, 80, 80, 96, 96, 272, 272, 480], 'kernel_size': [7, 3, 3, 3, 3, 3, 3, 3]}",11.85,99.76
32,458.814,"[1, 3, 32, 32]",13.486,"{'depth': [1, 2, 1, 1, 3], 'out_channel': [56, 56, 56, 144, 304, 480, 480, 480], 'kernel_size': [5, 3, 3, 3, 3, 3, 3, 3]}",48.81,99.84
33,459.985,"[1, 3, 32, 32]",9.839,"{'depth': [1, 2, 2, 3, 3], 'out_channel': [32, 72, 72, 64, 64, 208, 208, 208, 384, 384, 384], 'kernel_size': [3, 3, 3, 3, 3, 3, 3, 3, 3, 3, 3]}",10.88,99.75
34,385.832,"[1, 3, 32, 32]",5.15,"{'depth': [1, 2, 2, 1, 1], 'out_channel': [48, 80, 80, 64, 64, 288, 512], 'kernel_size': [7, 3, 3, 3, 3, 3, 3]}",58.87,99.83
35,370.797,"[1, 3, 32, 32]",4.203,"{'depth': [1, 1, 2, 2, 2], 'out_channel': [56, 80, 144, 144, 144, 144, 288, 288], 'kernel_size': [3, 3, 3, 3, 3, 3, 3, 3]}",10.6,99.64
36,477.321,"[1, 3, 32, 32]",8.553,"{'depth': [1, 1, 2, 2, 1], 'out_channel': [32, 88, 112, 112, 304, 304, 608], 'kernel_size': [3, 3, 3, 3, 3, 3, 3]}",14.17,99.82
37,328.191,"[1, 3, 32, 32]",7.282,"{'depth': [1, 2, 2, 2, 3], 'out_channel': [32, 48, 48, 112, 112, 144, 144, 352, 352, 352], 'kernel_size': [7, 3, 3, 3, 3, 3, 3, 3, 3, 3]}",10.46,99.56
38,293.802,"[1, 3, 32, 32]",4.098,"{'depth': [1, 1, 2, 2, 1], 'out_channel': [48, 40, 128, 128, 208, 208, 384], 'kernel_size': [7, 3, 3, 3, 3, 3, 3]}",13.09,99.78
39,580.359,"[1, 3, 32, 32]",14.129,"{'depth': [1, 1, 2, 2, 3], 'out_channel': [32, 88, 112, 112, 320, 320, 448, 448, 448], 'kernel_size': [3, 3, 3, 3, 3, 3, 3, 3, 3]}",10.64,99.72
40,305.461,"[1, 3, 32, 32]",5.572,"{'depth': [1, 2, 2, 2, 1], 'out_channel': [40, 56, 56, 80, 80, 192, 192, 576], 'kernel_size': [3, 3, 3, 3, 3, 3, 3, 3]}",11.92,99.75
41,392.377,"[1, 3, 32, 32]",13.843,"{'depth': [1, 1, 1, 1, 3], 'out_channel': [40, 72, 128, 208, 512, 512, 512], 'kernel_size': [7, 3, 3, 3, 3, 3, 3]}",51.29,99.81
42,620.237,"[1, 3, 32, 32]",11.62,"{'depth': [1, 2, 1, 3, 3], 'out_channel': [64, 96, 96, 112, 160, 160, 160, 448, 448, 448], 'kernel_size': [5, 3, 3, 3, 3, 3, 3, 3, 3, 3]}",10.39,99.58
43,294.695,"[1, 3, 32, 32]",5.206,"{'depth': [1, 2, 2, 1, 2], 'out_channel': [40, 64, 64, 80, 80, 144, 384, 384], 'kernel_size': [7, 3, 3, 3, 3, 3, 3, 3]}",19.84,99.7
44,317.453,"[1, 3, 32, 32]",7.424,"{'depth': [1, 2, 2, 2, 2], 'out_channel': [56, 56, 56, 64, 64, 176, 176, 448, 448], 'kernel_size': [5, 3, 3, 3, 3, 3, 3, 3, 3]}",11.19,99.67
45,292.376,"[1, 3, 32, 32]",7.944,"{'depth': [1, 2, 1, 3, 3], 'out_channel': [32, 40, 40, 96, 176, 176, 176, 352, 352, 352], 'kernel_size': [7, 3, 3, 3, 3, 3, 3, 3, 3, 3]}",13.37,99.69
46,146.156,"[1, 3, 32, 32]",4.21,"{'depth': [1, 1, 1, 1, 3], 'out_channel': [40, 32, 96, 208, 256, 256, 256], 'kernel_size': [3, 3, 3, 3, 3, 3, 3]}",77.56,99.77
47,664.982,"[1, 3, 32, 32]",7.626,"{'depth': [1, 2, 2, 3, 1], 'out_channel': [32, 80, 80, 144, 144, 272, 272, 272, 448], 'kernel_size': [5, 3, 3, 3, 3, 3, 3, 3, 3]}",10.61,99.76
48,332.14,"[1, 3, 32, 32]",2.275,"{'depth': [1, 2, 1, 1, 1], 'out_channel': [64, 80, 80, 112, 160, 320], 'kernel_size': [3, 3, 3, 3, 3, 3]}",41.53,99.78
49,300.266,"[1, 3, 32, 32]",10.117,"{'depth': [1, 2, 2, 1, 3], 'out_channel': [40, 40, 40, 64, 64, 288, 416, 416, 416], 'kernel_size': [5, 3, 3, 3, 3, 3, 3, 3, 3]}",61.58,99.82
50,379.148,"[1, 3, 32, 32]",17.049,"{'depth': [1, 2, 1, 2, 3], 'out_channel': [32, 32, 32, 80, 176, 176, 576, 576, 576], 'kernel_size': [5, 3, 3, 3, 3, 3, 3, 3, 3]}",15.93,99.67
51,665.025,"[1, 3, 32, 32]",16.578,"{'depth': [1, 1, 2, 2, 2], 'out_channel': [56, 88, 128, 128, 304, 304, 640, 640], 'kernel_size': [7, 3, 3, 3, 3, 3, 3, 3]}",10.53,99.68
52,251.637,"[1, 3, 32, 32]",5.959,"{'depth': [1, 2, 1, 2, 3], 'out_channel': [56, 40, 40, 144, 128, 128, 320, 320, 320], 'kernel_size': [3, 3, 3, 3, 3, 3, 3, 3, 3]}",12.69,99.64
53,196.564,"[1, 3, 32, 32]",3.481,"{'depth': [1, 1, 1, 2, 1], 'out_channel': [64, 64, 96, 128, 128, 480], 'kernel_size': [5, 3, 3, 3, 3, 3]}",25.02,99.73
54,287.389,"[1, 3, 32, 32]",4.288,"{'depth': [1, 1, 1, 2, 1], 'out_channel': [40, 88, 144, 144, 144, 512], 'kernel_size': [3, 3, 3, 3, 3, 3]}",17.31,99.76
55,592.106,"[1, 3, 32, 32]",10.256,"{'depth': [1, 2, 2, 3, 2], 'out_channel': [64, 48, 48, 144, 144, 272, 272, 272, 416, 416], 'kernel_size': [5, 3, 3, 3, 3, 3, 3, 3, 3, 3]}",10.4,99.64
56,611.39,"[1, 3, 32, 32]",11.418,"{'depth': [1, 2, 2, 2, 2], 'out_channel': [64, 88, 88, 64, 64, 288, 288, 512, 512], 'kernel_size': [5, 3, 3, 3, 3, 3, 3, 3, 3]}",10.97,99.75
57,281.057,"[1, 3, 32, 32]",10.673,"{'depth': [1, 1, 1, 1, 2], 'out_channel': [32, 32, 160, 160, 576, 576], 'kernel_size': [3, 3, 3, 3, 3, 3]}",67.43,99.79
58,236.031,"[1, 3, 32, 32]",5.011,"{'depth': [1, 1, 1, 2, 3], 'out_channel': [48, 64, 128, 128, 128, 288, 288, 288], 'kernel_size': [5, 3, 3, 3, 3, 3, 3, 3]}",13.0,99.69
59,574.339,"[1, 3, 32, 32]",13.22,"{'depth': [1, 2, 1, 3, 2], 'out_channel': [56, 72, 72, 128, 224, 224, 224, 576, 576], 'kernel_size': [3, 3, 3, 3, 3, 3, 3, 3, 3]}",10.82,99.7
60,381.72,"[1, 3, 32, 32]",14.799,"{'depth': [1, 1, 1, 2, 3], 'out_channel': [32, 32, 128, 224, 224, 512, 512, 512], 'kernel_size': [5, 3, 3, 3, 3, 3, 3, 3]}",15.85,99.78
61,351.164,"[1, 3, 32, 32]",5.454,"{'depth': [1, 1, 2, 3, 1], 'out_channel': [64, 96, 64, 64, 176, 176, 176, 544], 'kernel_size': [5, 3, 3, 3, 3, 3, 3, 3]}",16.39,99.75
62,519.599,"[1, 3, 32, 32]",12.707,"{'depth': [1, 2, 1, 3, 2], 'out_channel': [56, 40, 40, 64, 320, 320, 320, 480, 480], 'kernel_size': [5, 3, 3, 3, 3, 3, 3, 3, 3]}",22.89,99.8
63,716.075,"[1, 3, 32, 32]",14.085,"{'depth': [1, 1, 2, 3, 3], 'out_channel': [56, 72, 160, 160, 288, 288, 288, 416, 416, 416], 'kernel_size': [7, 3, 3, 3, 3, 3, 3, 3, 3, 3]}",10.58,99.69
64,516.969,"[1, 3, 32, 32]",14.686,"{'depth': [1, 2, 1, 2, 3], 'out_channel': [32, 56, 56, 128, 288, 288, 480, 480, 480], 'kernel_size': [3, 3, 3, 3, 3, 3, 3, 3, 3]}",10.93,99.78
65,434.576,"[1, 3, 32, 32]",13.308,"{'depth': [1, 1, 2, 2, 2], 'out_channel': [48, 56, 128, 128, 144, 144, 640, 640], 'kernel_size': [7, 3, 3, 3, 3, 3, 3, 3]}",10.61,99.61
66,557.561,"[1, 3, 32, 32]",17.598,"{'depth': [1, 2, 1, 3, 3], 'out_channel': [56, 64, 64, 128, 160, 160, 160, 576, 576, 576], 'kernel_size': [7, 3, 3, 3, 3, 3, 3, 3, 3, 3]}",10.5,99.57
67,389.912,"[1, 3, 32, 32]",10.801,"{'depth': [1, 1, 2, 2, 2], 'out_channel': [32, 80, 112, 112, 128, 128, 576, 576], 'kernel_size': [5, 3, 3, 3, 3, 3, 3, 3]}",10.76,99.58
68,750.655,"[1, 3, 32, 32]",13.923,"{'depth': [1, 2, 2, 3, 2], 'out_channel': [48, 96, 96, 128, 128, 192, 192, 192, 608, 608], 'kernel_size': [5, 3, 3, 3, 3, 3, 3, 3, 3, 3]}",10.1,99.48
69,474.698,"[1, 3, 32, 32]",10.768,"{'depth': [1, 2, 1, 2, 3], 'out_channel': [64, 80, 80, 96, 144, 144, 448, 448, 448], 'kernel_size': [5, 3, 3, 3, 3, 3, 3, 3, 3]}",11.38,99.68
70,406.326,"[1, 3, 32, 32]",8.184,"{'depth': [1, 2, 1, 3, 3], 'out_channel': [64, 48, 48, 128, 224, 224, 224, 320, 320, 320], 'kernel_size': [7, 3, 3, 3, 3, 3, 3, 3, 3, 3]}",11.39,99.76
71,552.438,"[1, 3, 32, 32]",5.293,"{'depth': [1, 2, 1, 2, 2], 'out_channel': [48, 96, 96, 112, 272, 272, 256, 256], 'kernel_size': [7, 3, 3, 3, 3, 3, 3, 3]}",10.77,99.76
72,407.26,"[1, 3, 32, 32]",4.947,"{'depth': [1, 2, 1, 2, 1], 'out_channel': [64, 56, 56, 144, 304, 304, 288], 'kernel_size': [3, 3, 3, 3, 3, 3, 3]}",14.54,99.77
73,630.938,"[1, 3, 32, 32]",20.034,"{'depth': [1, 2, 1, 1, 3], 'out_channel': [64, 80, 80, 64, 320, 608, 608, 608], 'kernel_size': [7, 3, 3, 3, 3, 3, 3, 3]}",64.36,99.83
74,563.984,"[1, 3, 32, 32]",7.876,"{'depth': [1, 1, 2, 2, 1], 'out_channel': [40, 88, 160, 160, 288, 288, 544], 'kernel_size': [5, 3, 3, 3, 3, 3, 3]}",13.06,99.8
75,445.428,"[1, 3, 32, 32]",10.315,"{'depth': [1, 1, 1, 2, 2], 'out_channel': [40, 80, 144, 272, 272, 480, 480], 'kernel_size': [5, 3, 3, 3, 3, 3, 3]}",13.01,99.77
76,688.306,"[1, 3, 32, 32]",23.331,"{'depth': [1, 1, 2, 3, 3], 'out_channel': [40, 72, 112, 112, 240, 240, 240, 640, 640, 640], 'kernel_size': [3, 3, 3, 3, 3, 3, 3, 3, 3, 3]}",10.46,99.57
77,294.048,"[1, 3, 32, 32]",6.526,"{'depth': [1, 1, 1, 1, 2], 'out_channel': [64, 64, 160, 192, 416, 416], 'kernel_size': [5, 3, 3, 3, 3, 3]}",60.9,99.79
78,643.118,"[1, 3, 32, 32]",16.525,"{'depth': [1, 2, 1, 3, 3], 'out_channel': [40, 80, 80, 160, 176, 176, 176, 544, 544, 544], 'kernel_size': [7, 3, 3, 3, 3, 3, 3, 3, 3, 3]}",10.57,99.59
79,439.217,"[1, 3, 32, 32]",3.963,"{'depth': [1, 2, 1, 1, 2], 'out_channel': [56, 96, 96, 80, 224, 288, 288], 'kernel_size': [7, 3, 3, 3, 3, 3, 3]}",53.31,99.85
80,678.122,"[1, 3, 32, 32]",16.237,"{'depth': [1, 1, 2, 2, 3], 'out_channel': [48, 88, 160, 160, 256, 256, 512, 512, 512], 'kernel_size': [3, 3, 3, 3, 3, 3, 3, 3, 3]}",10.44,99.71
81,691.352,"[1, 3, 32, 32]",10.475,"{'depth': [1, 2, 2, 2, 2], 'out_channel': [40, 88, 88, 128, 128, 304, 304, 448, 448], 'kernel_size': [7, 3, 3, 3, 3, 3, 3, 3, 3]}",10.14,99.56
82,617.795,"[1, 3, 32, 32]",10.012,"{'depth': [1, 2, 2, 2, 3], 'out_channel': [32, 88, 88, 96, 96, 304, 304, 352, 352, 352], 'kernel_size': [7, 3, 3, 3, 3, 3, 3, 3, 3, 3]}",10.23,99.62
83,419.551,"[1, 3, 32, 32]",11.499,"{'depth': [1, 1, 1, 2, 2], 'out_channel': [32, 80, 128, 240, 240, 544, 544], 'kernel_size': [5, 3, 3, 3, 3, 3, 3]}",12.24,99.74
84,371.571,"[1, 3, 32, 32]",6.574,"{'depth': [1, 1, 1, 2, 1], 'out_channel': [56, 96, 128, 192, 192, 640], 'kernel_size': [5, 3, 3, 3, 3, 3]}",17.07,99.79
85,210.457,"[1, 3, 32, 32]",7.754,"{'depth': [1, 1, 1, 3, 2], 'out_channel': [32, 40, 64, 128, 128, 128, 480, 480], 'kernel_size': [7, 3, 3, 3, 3, 3, 3, 3]}",26.74,99.71
86,364.401,"[1, 3, 32, 32]",6.922,"{'depth': [1, 1, 1, 3, 1], 'out_channel': [32, 40, 96, 288, 288, 288, 416], 'kernel_size': [7, 3, 3, 3, 3, 3, 3]}",40.2,99.83
87,424.258,"[1, 3, 32, 32]",7.697,"{'depth': [1, 1, 1, 2, 3], 'out_channel': [40, 96, 96, 304, 304, 288, 288, 288], 'kernel_size': [5, 3, 3, 3, 3, 3, 3, 3]}",15.45,99.83
88,529.651,"[1, 3, 32, 32]",7.745,"{'depth': [1, 2, 2, 2, 1], 'out_channel': [32, 72, 72, 112, 112, 304, 304, 544], 'kernel_size': [7, 3, 3, 3, 3, 3, 3, 3]}",11.37,99.76
89,363.598,"[1, 3, 32, 32]",11.191,"{'depth': [1, 1, 2, 1, 3], 'out_channel': [64, 48, 112, 112, 224, 448, 448, 448], 'kernel_size': [5, 3, 3, 3, 3, 3, 3, 3]}",29.5,99.82
90,635.104,"[1, 3, 32, 32]",9.556,"{'depth': [1, 2, 2, 3, 3], 'out_channel': [40, 48, 48, 144, 144, 320, 320, 320, 256, 256, 256], 'kernel_size': [7, 3, 3, 3, 3, 3, 3, 3, 3, 3, 3]}",10.44,99.57
91,932.559,"[1, 3, 32, 32]",25.659,"{'depth': [1, 2, 1, 3, 3], 'out_channel': [56, 88, 88, 64, 320, 320, 320, 640, 640, 640], 'kernel_size': [7, 3, 3, 3, 3, 3, 3, 3, 3, 3]}",11.76,99.72
92,208.276,"[1, 3, 32, 32]",5.494,"{'depth': [1, 1, 1, 1, 3], 'out_channel': [48, 56, 64, 272, 288, 288, 288], 'kernel_size': [7, 3, 3, 3, 3, 3, 3]}",80.35,99.86
93,757.389,"[1, 3, 32, 32]",18.501,"{'depth': [1, 2, 1, 2, 3], 'out_channel': [32, 96, 96, 80, 320, 320, 544, 544, 544], 'kernel_size': [5, 3, 3, 3, 3, 3, 3, 3, 3]}",11.19,99.72
94,572.576,"[1, 3, 32, 32]",11.85,"{'depth': [1, 2, 1, 3, 2], 'out_channel': [32, 72, 72, 80, 288, 288, 288, 480, 480], 'kernel_size': [3, 3, 3, 3, 3, 3, 3, 3, 3]}",12.34,99.82
95,257.398,"[1, 3, 32, 32]",5.374,"{'depth': [1, 2, 2, 1, 1], 'out_channel': [48, 32, 32, 96, 96, 304, 512], 'kernel_size': [7, 3, 3, 3, 3, 3, 3]}",63.14,99.75
96,486.116,"[1, 3, 32, 32]",8.727,"{'depth': [1, 1, 2, 2, 3], 'out_channel': [48, 48, 160, 160, 272, 272, 320, 320, 320], 'kernel_size': [5, 3, 3, 3, 3, 3, 3, 3, 3]}",11.05,99.77
97,292.017,"[1, 3, 32, 32]",10.629,"{'depth': [1, 1, 1, 1, 2], 'out_channel': [32, 64, 64, 288, 544, 544], 'kernel_size': [3, 3, 3, 3, 3, 3]}",79.37,99.85
98,359.764,"[1, 3, 32, 32]",9.57,"{'depth': [1, 1, 1, 3, 3], 'out_channel': [32, 64, 128, 192, 192, 192, 384, 384, 384], 'kernel_size': [5, 3, 3, 3, 3, 3, 3, 3, 3]}",12.06,99.74
99,409.26,"[1, 3, 32, 32]",8.085,"{'depth': [1, 2, 1, 1, 3], 'out_channel': [64, 80, 80, 80, 176, 384, 384, 384], 'kernel_size': [5, 3, 3, 3, 3, 3, 3, 3]}",50.18,99.81
100,335.065,"[1, 3, 32, 32]",3.811,"{'depth': [1, 1, 2, 3, 1], 'out_channel': [56, 80, 112, 112, 160, 160, 160, 384], 'kernel_size': [5, 3, 3, 3, 3, 3, 3, 3]}",11.3,99.69
101,209.696,"[1, 3, 32, 32]",4.621,"{'depth': [1, 2, 2, 1, 1], 'out_channel': [40, 48, 48, 64, 64, 176, 576], 'kernel_size': [3, 3, 3, 3, 3, 3, 3]}",52.08,99.78
102,510.586,"[1, 3, 32, 32]",5.917,"{'depth': [1, 2, 2, 1, 3], 'out_channel': [56, 80, 80, 144, 144, 208, 288, 288, 288], 'kernel_size': [3, 3, 3, 3, 3, 3, 3, 3, 3]}",14.08,99.77
103,629.447,"[1, 3, 32, 32]",21.573,"{'depth': [1, 2, 2, 1, 3], 'out_channel': [32, 80, 80, 64, 64, 288, 640, 640, 640], 'kernel_size': [3, 3, 3, 3, 3, 3, 3, 3, 3]}",28.6,99.84
104,421.517,"[1, 3, 32, 32]",11.42,"{'depth': [1, 1, 1, 3, 2], 'out_channel': [32, 96, 64, 208, 208, 208, 544, 544], 'kernel_size': [3, 3, 3, 3, 3, 3, 3, 3]}",18.31,99.78
105,372.955,"[1, 3, 32, 32]",12.221,"{'depth': [1, 1, 1, 1, 2], 'out_channel': [64, 56, 128, 304, 576, 576], 'kernel_size': [3, 3, 3, 3, 3, 3]}",63.15,99.82
106,145.043,"[1, 3, 32, 32]",2.526,"{'depth': [1, 1, 1, 1, 1], 'out_channel': [40, 32, 144, 176, 352], 'kernel_size': [3, 3, 3, 3, 3]}",71.7,99.79
107,174.902,"[1, 3, 32, 32]",3.611,"{'depth': [1, 1, 2, 3, 2], 'out_channel': [64, 40, 64, 64, 128, 128, 128, 288, 288], 'kernel_size': [5, 3, 3, 3, 3, 3, 3, 3, 3]}",15.88,99.6
108,399.461,"[1, 3, 32, 32]",7.102,"{'depth': [1, 2, 2, 3, 3], 'out_channel': [32, 40, 40, 128, 128, 208, 208, 208, 288, 288, 288], 'kernel_size': [7, 3, 3, 3, 3, 3, 3, 3, 3, 3, 3]}",10.66,99.61
109,213.421,"[1, 3, 32, 32]",4.994,"{'depth': [1, 1, 2, 2, 3], 'out_channel': [48, 40, 96, 96, 128, 128, 288, 288, 288], 'kernel_size': [5, 3, 3, 3, 3, 3, 3, 3, 3]}",12.24,99.57
110,315.879,"[1, 3, 32, 32]",6.284,"{'depth': [1, 2, 2, 2, 2], 'out_channel': [40, 48, 48, 96, 96, 192, 192, 384, 384], 'kernel_size': [7, 3, 3, 3, 3, 3, 3, 3, 3]}",10.46,99.6
111,259.479,"[1, 3, 32, 32]",5.438,"{'depth': [1, 1, 1, 3, 1], 'out_channel': [48, 64, 96, 160, 160, 160, 576], 'kernel_size': [7, 3, 3, 3, 3, 3, 3]}",19.63,99.77
112,466.598,"[1, 3, 32, 32]",10.902,"{'depth': [1, 2, 1, 1, 2], 'out_channel': [56, 72, 72, 160, 160, 576, 576], 'kernel_size': [5, 3, 3, 3, 3, 3, 3]}",30.45,99.77
113,418.043,"[1, 3, 32, 32]",8.896,"{'depth': [1, 1, 2, 1, 2], 'out_channel': [64, 88, 112, 112, 256, 480, 480], 'kernel_size': [3, 3, 3, 3, 3, 3, 3]}",27.77,99.84
114,467.4,"[1, 3, 32, 32]",15.068,"{'depth': [1, 1, 2, 1, 3], 'out_channel': [40, 32, 144, 144, 288, 512, 512, 512], 'kernel_size': [5, 3, 3, 3, 3, 3, 3, 3]}",36.5,99.79
115,209.835,"[1, 3, 32, 32]",4.851,"{'depth': [1, 1, 1, 2, 1], 'out_channel': [64, 48, 64, 208, 208, 512], 'kernel_size': [3, 3, 3, 3, 3, 3]}",33.98,99.8
116,346.77,"[1, 3, 32, 32]",3.87,"{'depth': [1, 1, 2, 1, 2], 'out_channel': [64, 80, 128, 128, 240, 256, 256], 'kernel_size': [5, 3, 3, 3, 3, 3, 3]}",21.18,99.78
117,189.092,"[1, 3, 32, 32]",6.939,"{'depth': [1, 1, 1, 1, 2], 'out_channel': [48, 32, 96, 192, 448, 448], 'kernel_size': [3, 3, 3, 3, 3, 3]}",77.91,99.8
118,286.035,"[1, 3, 32, 32]",6.071,"{'depth': [1, 1, 1, 3, 2], 'out_channel': [32, 56, 80, 224, 224, 224, 320, 320], 'kernel_size': [3, 3, 3, 3, 3, 3, 3, 3]}",16.79,99.83
119,422.121,"[1, 3, 32, 32]",7.933,"{'depth': [1, 2, 2, 2, 2], 'out_channel': [48, 40, 40, 128, 128, 272, 272, 384, 384], 'kernel_size': [3, 3, 3, 3, 3, 3, 3, 3, 3]}",10.67,99.68
120,285.002,"[1, 3, 32, 32]",1.649,"{'depth': [1, 2, 1, 1, 1], 'out_channel': [32, 80, 80, 96, 144, 256], 'kernel_size': [7, 3, 3, 3, 3, 3]}",40.55,99.75
121,251.71,"[1, 3, 32, 32]",3.504,"{'depth': [1, 2, 1, 3, 2], 'out_channel': [64, 48, 48, 112, 144, 144, 144, 256, 256], 'kernel_size': [7, 3, 3, 3, 3, 3, 3, 3, 3]}",11.99,99.67
122,529.764,"[1, 3, 32, 32]",12.63,"{'depth': [1, 1, 1, 3, 3], 'out_channel': [48, 56, 128, 304, 304, 304, 384, 384, 384], 'kernel_size': [3, 3, 3, 3, 3, 3, 3, 3, 3]}",13.17,99.75
123,295.95,"[1, 3, 32, 32]",10.197,"{'depth': [1, 1, 1, 1, 2], 'out_channel': [32, 72, 80, 240, 544, 544], 'kernel_size': [3, 3, 3, 3, 3, 3]}",72.5,99.83
124,481.58,"[1, 3, 32, 32]",15.231,"{'depth': [1, 1, 1, 2, 3], 'out_channel': [32, 80, 128, 240, 240, 512, 512, 512], 'kernel_size': [7, 3, 3, 3, 3, 3, 3, 3]}",11.82,99.72
125,666.261,"[1, 3, 32, 32]",19.971,"{'depth': [1, 2, 1, 3, 3], 'out_channel': [64, 80, 80, 80, 192, 192, 192, 608, 608, 608], 'kernel_size': [5, 3, 3, 3, 3, 3, 3, 3, 3, 3]}",11.06,99.72
126,522.835,"[1, 3, 32, 32]",12.633,"{'depth': [1, 1, 1, 3, 2], 'out_channel': [32, 64, 160, 272, 272, 272, 512, 512], 'kernel_size': [5, 3, 3, 3, 3, 3, 3, 3]}",13.47,99.76
127,207.596,"[1, 3, 32, 32]",3.879,"{'depth': [1, 1, 2, 1, 2], 'out_channel': [40, 48, 80, 80, 304, 256, 256], 'kernel_size': [5, 3, 3, 3, 3, 3, 3]}",46.85,99.81
128,332.458,"[1, 3, 32, 32]",4.842,"{'depth': [1, 1, 2, 2, 2], 'out_channel': [40, 72, 96, 96, 256, 256, 256, 256], 'kernel_size': [7, 3, 3, 3, 3, 3, 3, 3]}",11.15,99.76
129,474.468,"[1, 3, 32, 32]",10.318,"{'depth': [1, 2, 2, 1, 3], 'out_channel': [32, 72, 72, 112, 112, 256, 416, 416, 416], 'kernel_size': [5, 3, 3, 3, 3, 3, 3, 3, 3]}",16.21,99.87
130,515.584,"[1, 3, 32, 32]",11.41,"{'depth': [1, 1, 2, 2, 3], 'out_channel': [40, 48, 144, 144, 304, 304, 384, 384, 384], 'kernel_size': [3, 3, 3, 3, 3, 3, 3, 3, 3]}",10.72,99.74
131,558.323,"[1, 3, 32, 32]",14.685,"{'depth': [1, 2, 2, 1, 3], 'out_channel': [64, 88, 88, 64, 64, 128, 544, 544, 544], 'kernel_size': [5, 3, 3, 3, 3, 3, 3, 3, 3]}",23.39,99.69
132,550.408,"[1, 3, 32, 32]",5.504,"{'depth': [1, 2, 1, 2, 1], 'out_channel': [32, 96, 96, 112, 288, 288, 384], 'kernel_size': [7, 3, 3, 3, 3, 3, 3]}",15.1,99.8
133,349.468,"[1, 3, 32, 32]",11.244,"{'depth': [1, 2, 1, 1, 2], 'out_channel': [56, 40, 40, 112, 320, 544, 544], 'kernel_size': [5, 3, 3, 3, 3, 3, 3]}",65.18,99.83
134,417.631,"[1, 3, 32, 32]",8.298,"{'depth': [1, 1, 1, 3, 3], 'out_channel': [32, 80, 144, 224, 224, 224, 320, 320, 320], 'kernel_size': [7, 3, 3, 3, 3, 3, 3, 3, 3]}",12.49,99.76
135,300.699,"[1, 3, 32, 32]",4.872,"{'depth': [1, 1, 1, 3, 2], 'out_channel': [48, 88, 96, 160, 160, 160, 320, 320], 'kernel_size': [7, 3, 3, 3, 3, 3, 3, 3]}",12.73,99.74
136,316.083,"[1, 3, 32, 32]",2.932,"{'depth': [1, 1, 2, 2, 1], 'out_channel': [64, 64, 128, 128, 192, 192, 256], 'kernel_size': [7, 3, 3, 3, 3, 3, 3]}",11.24,99.65
137,406.934,"[1, 3, 32, 32]",8.974,"{'depth': [1, 2, 2, 2, 2], 'out_channel': [32, 48, 48, 128, 128, 192, 192, 480, 480], 'kernel_size': [7, 3, 3, 3, 3, 3, 3, 3, 3]}",10.26,99.43
138,378.31,"[1, 3, 32, 32]",5.95,"{'depth': [1, 2, 1, 1, 2], 'out_channel': [32, 80, 80, 112, 224, 384, 384], 'kernel_size': [3, 3, 3, 3, 3, 3, 3]}",40.14,99.83
139,324.491,"[1, 3, 32, 32]",5.819,"{'depth': [1, 1, 2, 3, 1], 'out_channel': [48, 48, 128, 128, 160, 160, 160, 576], 'kernel_size': [5, 3, 3, 3, 3, 3, 3, 3]}",11.9,99.71
140,228.741,"[1, 3, 32, 32]",3.926,"{'depth': [1, 1, 1, 3, 1], 'out_channel': [32, 40, 144, 176, 176, 176, 384], 'kernel_size': [3, 3, 3, 3, 3, 3, 3]}",21.67,99.79
141,407.063,"[1, 3, 32, 32]",6.415,"{'depth': [1, 1, 2, 3, 2], 'out_channel': [64, 48, 96, 96, 272, 272, 272, 256, 256], 'kernel_size': [7, 3, 3, 3, 3, 3, 3, 3, 3]}",11.59,99.77
142,564.467,"[1, 3, 32, 32]",13.054,"{'depth': [1, 2, 1, 2, 2], 'out_channel': [48, 72, 72, 80, 320, 320, 544, 544], 'kernel_size': [7, 3, 3, 3, 3, 3, 3, 3]}",12.26,99.8
143,475.0,"[1, 3, 32, 32]",6.306,"{'depth': [1, 1, 1, 3, 1], 'out_channel': [56, 80, 160, 272, 272, 272, 352], 'kernel_size': [5, 3, 3, 3, 3, 3, 3]}",20.9,99.81
144,254.694,"[1, 3, 32, 32]",3.901,"{'depth': [1, 1, 2, 2, 1], 'out_channel': [32, 80, 80, 80, 176, 176, 448], 'kernel_size': [7, 3, 3, 3, 3, 3, 3]}",13.27,99.68
145,267.955,"[1, 3, 32, 32]",3.598,"{'depth': [1, 1, 1, 2, 1], 'out_channel': [40, 64, 128, 240, 240, 288], 'kernel_size': [5, 3, 3, 3, 3, 3]}",16.9,99.8
146,327.479,"[1, 3, 32, 32]",3.416,"{'depth': [1, 2, 2, 1, 1], 'out_channel': [56, 56, 56, 128, 128, 208, 384], 'kernel_size': [5, 3, 3, 3, 3, 3, 3]}",29.74,99.79
147,386.709,"[1, 3, 32, 32]",11.61,"{'depth': [1, 2, 1, 2, 2], 'out_channel': [56, 48, 48, 128, 192, 192, 576, 576], 'kernel_size': [3, 3, 3, 3, 3, 3, 3, 3]}",11.08,99.74
148,707.172,"[1, 3, 32, 32]",16.411,"{'depth': [1, 2, 2, 3, 2], 'out_channel': [32, 48, 48, 128, 128, 320, 320, 320, 576, 576], 'kernel_size': [7, 3, 3, 3, 3, 3, 3, 3, 3, 3]}",10.44,99.57
149,285.339,"[1, 3, 32, 32]",6.951,"{'depth': [1, 1, 1, 2, 2], 'out_channel': [56, 32, 80, 288, 288, 352, 352], 'kernel_size': [7, 3, 3, 3, 3, 3, 3]}",24.6,99.8
150,315.862,"[1, 3, 32, 32]",4.741,"{'depth': [1, 2, 1, 3, 3], 'out_channel': [40, 64, 64, 112, 144, 144, 144, 256, 256, 256], 'kernel_size': [7, 3, 3, 3, 3, 3, 3, 3, 3, 3]}",11.27,99.66
151,252.808,"[1, 3, 32, 32]",4.383,"{'depth': [1, 1, 1, 2, 2], 'out_channel': [32, 40, 160, 224, 224, 256, 256], 'kernel_size': [5, 3, 3, 3, 3, 3, 3]}",14.68,99.77
152,459.012,"[1, 3, 32, 32]",20.274,"{'depth': [1, 2, 1, 1, 3], 'out_channel': [40, 32, 32, 160, 160, 640, 640, 640], 'kernel_size': [5, 3, 3, 3, 3, 3, 3, 3]}",45.98,99.76
153,351.179,"[1, 3, 32, 32]",6.25,"{'depth': [1, 1, 1, 2, 1], 'out_channel': [48, 56, 112, 320, 320, 416], 'kernel_size': [5, 3, 3, 3, 3, 3]}",28.2,99.81
154,354.095,"[1, 3, 32, 32]",8.032,"{'depth': [1, 1, 2, 3, 2], 'out_channel': [64, 40, 128, 128, 160, 160, 160, 448, 448], 'kernel_size': [3, 3, 3, 3, 3, 3, 3, 3, 3]}",10.75,99.64
155,307.474,"[1, 3, 32, 32]",6.834,"{'depth': [1, 1, 1, 2, 2], 'out_channel': [56, 48, 144, 224, 224, 384, 384], 'kernel_size': [7, 3, 3, 3, 3, 3, 3]}",13.47,99.76
156,360.831,"[1, 3, 32, 32]",5.967,"{'depth': [1, 1, 2, 1, 1], 'out_channel': [32, 56, 160, 160, 192, 608], 'kernel_size': [3, 3, 3, 3, 3, 3]}",38.95,99.82
157,559.574,"[1, 3, 32, 32]",6.006,"{'depth': [1, 2, 1, 2, 3], 'out_channel': [56, 96, 96, 128, 240, 240, 256, 256, 256], 'kernel_size': [5, 3, 3, 3, 3, 3, 3, 3, 3]}",10.57,99.66
158,556.404,"[1, 3, 32, 32]",8.272,"{'depth': [1, 2, 1, 3, 2], 'out_channel': [64, 64, 64, 144, 288, 288, 288, 320, 320], 'kernel_size': [7, 3, 3, 3, 3, 3, 3, 3, 3]}",11.43,99.75
159,634.894,"[1, 3, 32, 32]",13.578,"{'depth': [1, 2, 2, 3, 2], 'out_channel': [40, 88, 88, 96, 96, 192, 192, 192, 608, 608], 'kernel_size': [5, 3, 3, 3, 3, 3, 3, 3, 3, 3]}",10.17,99.51
160,457.305,"[1, 3, 32, 32]",10.549,"{'depth': [1, 2, 1, 3, 3], 'out_channel': [40, 32, 32, 64, 320, 320, 320, 320, 320, 320], 'kernel_size': [5, 3, 3, 3, 3, 3, 3, 3, 3, 3]}",26.8,99.75
161,329.928,"[1, 3, 32, 32]",5.418,"{'depth': [1, 1, 1, 2, 1], 'out_channel': [32, 48, 144, 304, 304, 352], 'kernel_size': [7, 3, 3, 3, 3, 3]}",24.81,99.8
162,603.044,"[1, 3, 32, 32]",14.713,"{'depth': [1, 2, 2, 2, 2], 'out_channel': [56, 72, 72, 112, 112, 224, 224, 640, 640], 'kernel_size': [7, 3, 3, 3, 3, 3, 3, 3, 3]}",10.2,99.48
163,222.926,"[1, 3, 32, 32]",5.025,"{'depth': [1, 1, 1, 2, 1], 'out_channel': [48, 40, 112, 208, 208, 512], 'kernel_size': [5, 3, 3, 3, 3, 3]}",25.9,99.81
164,200.862,"[1, 3, 32, 32]",4.556,"{'depth': [1, 2, 2, 1, 3], 'out_channel': [40, 40, 40, 64, 64, 256, 256, 256, 256], 'kernel_size': [3, 3, 3, 3, 3, 3, 3, 3, 3]}",59.45,99.8
165,504.025,"[1, 3, 32, 32]",7.117,"{'depth': [1, 2, 2, 1, 2], 'out_channel': [32, 80, 80, 128, 128, 304, 384, 384], 'kernel_size': [3, 3, 3, 3, 3, 3, 3, 3]}",15.02,99.82
166,446.354,"[1, 3, 32, 32]",4.579,"{'depth': [1, 2, 2, 3, 1], 'out_channel': [32, 96, 96, 64, 64, 144, 144, 144, 512], 'kernel_size': [3, 3, 3, 3, 3, 3, 3, 3, 3]}",12.76,99.71
167,445.699,"[1, 3, 32, 32]",9.487,"{'depth': [1, 1, 2, 3, 2], 'out_channel': [64, 88, 112, 112, 144, 144, 144, 512, 512], 'kernel_size': [7, 3, 3, 3, 3, 3, 3, 3, 3]}",10.83,99.62
168,762.058,"[1, 3, 32, 32]",21.071,"{'depth': [1, 2, 2, 3, 3], 'out_channel': [64, 64, 64, 96, 96, 288, 288, 288, 576, 576, 576], 'kernel_size': [7, 3, 3, 3, 3, 3, 3, 3, 3, 3, 3]}",10.52,99.68
169,398.759,"[1, 3, 32, 32]",11.292,"{'depth': [1, 1, 2, 2, 2], 'out_channel': [32, 56, 80, 80, 288, 288, 512, 512], 'kernel_size': [3, 3, 3, 3, 3, 3, 3, 3]}",11.96,99.79
170,226.037,"[1, 3, 32, 32]",4.967,"{'depth': [1, 1, 1, 3, 2], 'out_channel': [48, 56, 64, 176, 176, 176, 320, 320], 'kernel_size': [3, 3, 3, 3, 3, 3, 3, 3]}",17.61,99.74
171,517.479,"[1, 3, 32, 32]",8.477,"{'depth': [1, 1, 2, 2, 1], 'out_channel': [48, 96, 128, 128, 272, 272, 640], 'kernel_size': [5, 3, 3, 3, 3, 3, 3]}",12.79,99.8
172,533.28,"[1, 3, 32, 32]",10.38,"{'depth': [1, 2, 2, 2, 2], 'out_channel': [40, 72, 72, 144, 144, 144, 144, 544, 544], 'kernel_size': [3, 3, 3, 3, 3, 3, 3, 3, 3]}",10.19,99.6
173,459.273,"[1, 3, 32, 32]",13.751,"{'depth': [1, 1, 1, 2, 3], 'out_channel': [56, 88, 64, 256, 256, 480, 480, 480], 'kernel_size': [5, 3, 3, 3, 3, 3, 3, 3]}",16.9,99.82
174,355.006,"[1, 3, 32, 32]",11.985,"{'depth': [1, 2, 2, 2, 2], 'out_channel': [56, 48, 48, 64, 64, 160, 160, 608, 608], 'kernel_size': [3, 3, 3, 3, 3, 3, 3, 3, 3]}",10.77,99.66
175,340.413,"[1, 3, 32, 32]",6.51,"{'depth': [1, 1, 1, 2, 3], 'out_channel': [32, 72, 160, 224, 224, 288, 288, 288], 'kernel_size': [3, 3, 3, 3, 3, 3, 3, 3]}",12.64,99.8
176,711.005,"[1, 3, 32, 32]",15.63,"{'depth': [1, 2, 2, 3, 3], 'out_channel': [64, 72, 72, 64, 64, 320, 320, 320, 448, 448, 448], 'kernel_size': [5, 3, 3, 3, 3, 3, 3, 3, 3, 3, 3]}",11.12,99.72
177,684.717,"[1, 3, 32, 32]",10.137,"{'depth': [1, 1, 2, 3, 1], 'out_channel': [56, 96, 128, 128, 320, 320, 320, 544], 'kernel_size': [7, 3, 3, 3, 3, 3, 3, 3]}",12.58,99.82
178,267.473,"[1, 3, 32, 32]",7.678,"{'depth': [1, 2, 1, 1, 3], 'out_channel': [48, 48, 48, 112, 128, 384, 384, 384], 'kernel_size': [7, 3, 3, 3, 3, 3, 3, 3]}",43.74,99.73
179,550.917,"[1, 3, 32, 32]",6.102,"{'depth': [1, 2, 2, 1, 1], 'out_channel': [64, 96, 96, 96, 96, 304, 544], 'kernel_size': [5, 3, 3, 3, 3, 3, 3]}",44.78,99.82
180,458.608,"[1, 3, 32, 32]",10.153,"{'depth': [1, 1, 2, 2, 3], 'out_channel': [32, 56, 144, 144, 240, 240, 384, 384, 384], 'kernel_size': [7, 3, 3, 3, 3, 3, 3, 3, 3]}",10.56,99.69
181,238.473,"[1, 3, 32, 32]",7.464,"{'depth': [1, 1, 1, 2, 2], 'out_channel': [32, 32, 64, 240, 240, 416, 416], 'kernel_size': [7, 3, 3, 3, 3, 3, 3]}",29.37,99.78
182,348.344,"[1, 3, 32, 32]",6.167,"{'depth': [1, 2, 2, 1, 2], 'out_channel': [32, 64, 64, 112, 112, 144, 416, 416], 'kernel_size': [5, 3, 3, 3, 3, 3, 3, 3]}",13.83,99.77
183,464.311,"[1, 3, 32, 32]",14.559,"{'depth': [1, 1, 1, 2, 3], 'out_channel': [64, 56, 112, 288, 288, 480, 480, 480], 'kernel_size': [3, 3, 3, 3, 3, 3, 3, 3]}",13.08,99.79
184,264.534,"[1, 3, 32, 32]",11.152,"{'depth': [1, 2, 1, 1, 2], 'out_channel': [56, 32, 32, 80, 128, 608, 608], 'kernel_size': [7, 3, 3, 3, 3, 3, 3]}",70.3,99.65
185,526.807,"[1, 3, 32, 32]",12.683,"{'depth': [1, 2, 1, 3, 3], 'out_channel': [56, 32, 32, 144, 304, 304, 304, 384, 384, 384], 'kernel_size': [3, 3, 3, 3, 3, 3, 3, 3, 3, 3]}",14.71,99.77
186,325.757,"[1, 3, 32, 32]",4.428,"{'depth': [1, 2, 2, 1, 3], 'out_channel': [40, 48, 48, 144, 144, 144, 256, 256, 256], 'kernel_size': [5, 3, 3, 3, 3, 3, 3, 3, 3]}",14.81,99.75
187,408.678,"[1, 3, 32, 32]",7.002,"{'depth': [1, 1, 2, 1, 3], 'out_channel': [56, 72, 144, 144, 240, 320, 320, 320], 'kernel_size': [7, 3, 3, 3, 3, 3, 3, 3]}",22.92,99.8
188,694.507,"[1, 3, 32, 32]",21.76,"{'depth': [1, 1, 2, 2, 3], 'out_channel': [32, 64, 144, 144, 288, 288, 608, 608, 608], 'kernel_size': [7, 3, 3, 3, 3, 3, 3, 3, 3]}",10.47,99.65
189,493.557,"[1, 3, 32, 32]",17.944,"{'depth': [1, 1, 1, 1, 3], 'out_channel': [48, 96, 64, 304, 576, 576, 576], 'kernel_size': [5, 3, 3, 3, 3, 3, 3]}",77.56,99.83
190,453.505,"[1, 3, 32, 32]",11.856,"{'depth': [1, 1, 1, 3, 3], 'out_channel': [56, 72, 96, 240, 240, 240, 416, 416, 416], 'kernel_size': [5, 3, 3, 3, 3, 3, 3, 3, 3]}",14.72,99.8
191,219.442,"[1, 3, 32, 32]",3.724,"{'depth': [1, 1, 1, 1, 2], 'out_channel': [56, 88, 64, 144, 320, 320], 'kernel_size': [5, 3, 3, 3, 3, 3]}",66.5,99.72
192,370.243,"[1, 3, 32, 32]",10.581,"{'depth': [1, 2, 1, 2, 2], 'out_channel': [56, 48, 48, 128, 192, 192, 544, 544], 'kernel_size': [3, 3, 3, 3, 3, 3, 3, 3]}",11.08,99.74
193,291.171,"[1, 3, 32, 32]",4.364,"{'depth': [1, 1, 2, 2, 2], 'out_channel': [56, 48, 128, 128, 176, 176, 288, 288], 'kernel_size': [3, 3, 3, 3, 3, 3, 3, 3]}",10.49,99.61
194,739.235,"[1, 3, 32, 32]",9.128,"{'depth': [1, 2, 2, 3, 1], 'out_channel': [64, 88, 88, 112, 112, 304, 304, 304, 512], 'kernel_size': [5, 3, 3, 3, 3, 3, 3, 3, 3]}",10.78,99.76
195,239.136,"[1, 3, 32, 32]",2.45,"{'depth': [1, 2, 1, 2, 1], 'out_channel': [40, 64, 64, 64, 160, 160, 320], 'kernel_size': [7, 3, 3, 3, 3, 3, 3]}",13.91,99.7
196,448.296,"[1, 3, 32, 32]",8.916,"{'depth': [1, 2, 2, 2, 2], 'out_channel': [56, 64, 64, 112, 112, 192, 192, 480, 480], 'kernel_size': [3, 3, 3, 3, 3, 3, 3, 3, 3]}",10.15,99.53
197,501.496,"[1, 3, 32, 32]",12.852,"{'depth': [1, 2, 1, 2, 2], 'out_channel': [40, 80, 80, 64, 208, 208, 608, 608], 'kernel_size': [7, 3, 3, 3, 3, 3, 3, 3]}",12.22,99.76
198,348.346,"[1, 3, 32, 32]",10.355,"{'depth': [1, 2, 2, 1, 2], 'out_channel': [32, 64, 64, 64, 64, 144, 576, 576], 'kernel_size': [3, 3, 3, 3, 3, 3, 3, 3]}",27.73,99.77
199,507.219,"[1, 3, 32, 32]",5.394,"{'depth': [1, 2, 2, 2, 2], 'out_channel': [48, 96, 96, 96, 96, 160, 160, 352, 352], 'kernel_size': [3, 3, 3, 3, 3, 3, 3, 3, 3]}",10.12,99.56
200,574.839,"[1, 3, 32, 32]",20.005,"{'depth': [1, 1, 2, 2, 3], 'out_channel': [32, 88, 96, 96, 224, 224, 608, 608, 608], 'kernel_size': [3, 3, 3, 3, 3, 3, 3, 3, 3]}",10.72,99.74
201,352.237,"[1, 3, 32, 32]",5.979,"{'depth': [1, 2, 2, 3, 1], 'out_channel': [40, 56, 56, 96, 96, 176, 176, 176, 576], 'kernel_size': [3, 3, 3, 3, 3, 3, 3, 3, 3]}",11.17,99.72
202,497.719,"[1, 3, 32, 32]",11.266,"{'depth': [1, 2, 1, 1, 2], 'out_channel': [32, 80, 80, 160, 192, 576, 576], 'kernel_size': [3, 3, 3, 3, 3, 3, 3]}",33.78,99.82
203,369.431,"[1, 3, 32, 32]",5.345,"{'depth': [1, 1, 2, 1, 1], 'out_channel': [48, 64, 144, 144, 288, 480], 'kernel_size': [5, 3, 3, 3, 3, 3]}",48.56,99.81
204,228.014,"[1, 3, 32, 32]",4.462,"{'depth': [1, 1, 1, 1, 1], 'out_channel': [40, 80, 112, 144, 576], 'kernel_size': [3, 3, 3, 3, 3]}",58.92,99.82
205,448.507,"[1, 3, 32, 32]",8.151,"{'depth': [1, 1, 2, 2, 3], 'out_channel': [56, 72, 128, 128, 256, 256, 320, 320, 320], 'kernel_size': [3, 3, 3, 3, 3, 3, 3, 3, 3]}",10.54,99.71
206,258.772,"[1, 3, 32, 32]",5.193,"{'depth': [1, 2, 1, 2, 2], 'out_channel': [32, 48, 48, 80, 224, 224, 320, 320], 'kernel_size': [3, 3, 3, 3, 3, 3, 3, 3]}",12.75,99.75
207,161.951,"[1, 3, 32, 32]",2.403,"{'depth': [1, 1, 2, 1, 1], 'out_channel': [40, 48, 80, 80, 208, 320], 'kernel_size': [7, 3, 3, 3, 3, 3]}",54.31,99.74
208,318.894,"[1, 3, 32, 32]",10.546,"{'depth': [1, 1, 1, 1, 3], 'out_channel': [56, 56, 96, 320, 416, 416, 416], 'kernel_size': [3, 3, 3, 3, 3, 3, 3]}",79.74,99.82
209,303.805,"[1, 3, 32, 32]",8.414,"{'depth': [1, 1, 2, 1, 2], 'out_channel': [56, 40, 96, 96, 320, 448, 448], 'kernel_size': [5, 3, 3, 3, 3, 3, 3]}",48.65,99.87
210,457.477,"[1, 3, 32, 32]",7.408,"{'depth': [1, 1, 2, 2, 3], 'out_channel': [32, 80, 112, 112, 320, 320, 256, 256, 256], 'kernel_size': [5, 3, 3, 3, 3, 3, 3, 3, 3]}",10.85,99.72
211,609.163,"[1, 3, 32, 32]",20.598,"{'depth': [1, 1, 2, 1, 3], 'out_channel': [48, 40, 160, 160, 304, 608, 608, 608], 'kernel_size': [3, 3, 3, 3, 3, 3, 3, 3]}",28.31,99.84
212,258.65,"[1, 3, 32, 32]",6.724,"{'depth': [1, 1, 1, 1, 2], 'out_channel': [56, 80, 80, 160, 448, 448], 'kernel_size': [3, 3, 3, 3, 3, 3]}",64.81,99.75
213,357.142,"[1, 3, 32, 32]",5.622,"{'depth': [1, 2, 2, 2, 2], 'out_channel': [48, 72, 72, 80, 80, 144, 144, 384, 384], 'kernel_size': [5, 3, 3, 3, 3, 3, 3, 3, 3]}",10.51,99.64
214,373.019,"[1, 3, 32, 32]",12.516,"{'depth': [1, 1, 1, 3, 3], 'out_channel': [64, 48, 144, 144, 144, 144, 480, 480, 480], 'kernel_size': [5, 3, 3, 3, 3, 3, 3, 3, 3]}",13.98,99.71
215,478.525,"[1, 3, 32, 32]",13.672,"{'depth': [1, 1, 1, 3, 2], 'out_channel': [40, 48, 160, 240, 240, 240, 576, 576], 'kernel_size': [5, 3, 3, 3, 3, 3, 3, 3]}",13.9,99.77
216,216.198,"[1, 3, 32, 32]",3.925,"{'depth': [1, 1, 2, 1, 3], 'out_channel': [40, 64, 96, 96, 128, 256, 256, 256], 'kernel_size': [5, 3, 3, 3, 3, 3, 3, 3]}",25.63,99.73
217,151.498,"[1, 3, 32, 32]",2.803,"{'depth': [1, 1, 1, 2, 1], 'out_channel': [56, 32, 80, 192, 192, 320], 'kernel_size': [5, 3, 3, 3, 3, 3]}",30.81,99.74
218,314.143,"[1, 3, 32, 32]",5.72,"{'depth': [1, 1, 2, 2, 1], 'out_channel': [56, 56, 64, 64, 304, 304, 416], 'kernel_size': [3, 3, 3, 3, 3, 3, 3]}",27.86,99.78
219,353.586,"[1, 3, 32, 32]",2.565,"{'depth': [1, 2, 2, 2, 1], 'out_channel': [48, 64, 64, 128, 128, 160, 160, 256], 'kernel_size': [3, 3, 3, 3, 3, 3, 3, 3]}",10.13,99.52
220,179.681,"[1, 3, 32, 32]",4.74,"{'depth': [1, 1, 1, 1, 1], 'out_channel': [40, 40, 128, 176, 576], 'kernel_size': [5, 3, 3, 3, 3]}",71.02,99.81
221,320.138,"[1, 3, 32, 32]",4.586,"{'depth': [1, 2, 1, 2, 1], 'out_channel': [56, 32, 32, 144, 304, 304, 256], 'kernel_size': [5, 3, 3, 3, 3, 3, 3]}",20.48,99.73
222,311.227,"[1, 3, 32, 32]",7.659,"{'depth': [1, 1, 2, 2, 2], 'out_channel': [40, 80, 64, 64, 192, 192, 448, 448], 'kernel_size': [7, 3, 3, 3, 3, 3, 3, 3]}",12.03,99.67
223,390.016,"[1, 3, 32, 32]",10.151,"{'depth': [1, 1, 1, 3, 3], 'out_channel': [40, 48, 64, 272, 272, 272, 352, 352, 352], 'kernel_size': [5, 3, 3, 3, 3, 3, 3, 3, 3]}",22.8,99.82
224,476.748,"[1, 3, 32, 32]",14.24,"{'depth': [1, 2, 1, 3, 2], 'out_channel': [48, 40, 40, 144, 224, 224, 224, 608, 608], 'kernel_size': [5, 3, 3, 3, 3, 3, 3, 3, 3]}",12.95,99.77
225,321.211,"[1, 3, 32, 32]",2.338,"{'depth': [1, 2, 2, 3, 1], 'out_channel': [64, 72, 72, 64, 64, 144, 144, 144, 256], 'kernel_size': [7, 3, 3, 3, 3, 3, 3, 3, 3]}",11.95,99.65
226,641.773,"[1, 3, 32, 32]",11.174,"{'depth': [1, 2, 2, 2, 3], 'out_channel': [40, 88, 88, 96, 96, 304, 304, 384, 384, 384], 'kernel_size': [5, 3, 3, 3, 3, 3, 3, 3, 3, 3]}",10.25,99.62
227,412.529,"[1, 3, 32, 32]",8.336,"{'depth': [1, 2, 2, 2, 2], 'out_channel': [56, 64, 64, 80, 80, 224, 224, 448, 448], 'kernel_size': [5, 3, 3, 3, 3, 3, 3, 3, 3]}",10.5,99.64
228,331.37,"[1, 3, 32, 32]",8.333,"{'depth': [1, 1, 2, 2, 3], 'out_channel': [48, 88, 64, 64, 160, 160, 384, 384, 384], 'kernel_size': [7, 3, 3, 3, 3, 3, 3, 3, 3]}",11.45,99.67
229,288.782,"[1, 3, 32, 32]",5.576,"{'depth': [1, 2, 1, 2, 1], 'out_channel': [56, 48, 48, 144, 160, 160, 608], 'kernel_size': [5, 3, 3, 3, 3, 3, 3]}",12.83,99.68
230,257.792,"[1, 3, 32, 32]",4.616,"{'depth': [1, 1, 2, 2, 1], 'out_channel': [32, 88, 80, 80, 128, 128, 576], 'kernel_size': [3, 3, 3, 3, 3, 3, 3]}",13.36,99.59
231,468.04,"[1, 3, 32, 32]",9.55,"{'depth': [1, 1, 1, 3, 1], 'out_channel': [40, 56, 144, 288, 288, 288, 608], 'kernel_size': [3, 3, 3, 3, 3, 3, 3]}",26.73,99.8
232,416.356,"[1, 3, 32, 32]",12.653,"{'depth': [1, 2, 1, 2, 2], 'out_channel': [48, 56, 56, 112, 192, 192, 608, 608], 'kernel_size': [3, 3, 3, 3, 3, 3, 3, 3]}",10.9,99.76
233,362.122,"[1, 3, 32, 32]",4.543,"{'depth': [1, 2, 2, 2, 3], 'out_channel': [32, 64, 64, 128, 128, 128, 128, 256, 256, 256], 'kernel_size': [5, 3, 3, 3, 3, 3, 3, 3, 3, 3]}",10.18,99.39
234,283.48,"[1, 3, 32, 32]",4.541,"{'depth': [1, 1, 2, 1, 1], 'out_channel': [32, 32, 144, 144, 256, 448], 'kernel_size': [3, 3, 3, 3, 3, 3]}",60.12,99.82
235,191.417,"[1, 3, 32, 32]",3.654,"{'depth': [1, 1, 1, 2, 2], 'out_channel': [32, 72, 64, 160, 160, 288, 288], 'kernel_size': [7, 3, 3, 3, 3, 3, 3]}",14.63,99.72
236,369.651,"[1, 3, 32, 32]",5.989,"{'depth': [1, 1, 1, 2, 2], 'out_channel': [56, 88, 144, 208, 208, 352, 352], 'kernel_size': [7, 3, 3, 3, 3, 3, 3]}",11.89,99.76
237,365.433,"[1, 3, 32, 32]",11.413,"{'depth': [1, 1, 1, 1, 3], 'out_channel': [64, 64, 128, 256, 448, 448, 448], 'kernel_size': [7, 3, 3, 3, 3, 3, 3]}",64.12,99.81
238,471.436,"[1, 3, 32, 32]",6.333,"{'depth': [1, 2, 1, 2, 2], 'out_channel': [32, 64, 64, 160, 320, 320, 256, 256], 'kernel_size': [3, 3, 3, 3, 3, 3, 3, 3]}",10.96,99.74
239,412.22,"[1, 3, 32, 32]",13.754,"{'depth': [1, 1, 2, 3, 2], 'out_channel': [40, 56, 96, 96, 160, 160, 160, 640, 640], 'kernel_size': [7, 3, 3, 3, 3, 3, 3, 3, 3]}",10.76,99.58
240,432.164,"[1, 3, 32, 32]",5.824,"{'depth': [1, 1, 1, 3, 1], 'out_channel': [64, 96, 64, 272, 272, 272, 352], 'kernel_size': [3, 3, 3, 3, 3, 3, 3]}",38.02,99.83
241,824.441,"[1, 3, 32, 32]",22.749,"{'depth': [1, 2, 2, 3, 3], 'out_channel': [56, 80, 80, 128, 128, 208, 208, 208, 640, 640, 640], 'kernel_size': [5, 3, 3, 3, 3, 3, 3, 3, 3, 3, 3]}",10.06,99.16
242,374.566,"[1, 3, 32, 32]",7.669,"{'depth': [1, 1, 1, 3, 3], 'out_channel': [56, 48, 144, 240, 240, 240, 288, 288, 288], 'kernel_size': [3, 3, 3, 3, 3, 3, 3, 3, 3]}",14.08,99.8
243,400.84,"[1, 3, 32, 32]",15.557,"{'depth': [1, 1, 2, 1, 3], 'out_channel': [32, 56, 96, 96, 224, 544, 544, 544], 'kernel_size': [3, 3, 3, 3, 3, 3, 3, 3]}",33.08,99.81
244,295.751,"[1, 3, 32, 32]",6.74,"{'depth': [1, 1, 2, 2, 3], 'out_channel': [32, 32, 128, 128, 176, 176, 320, 320, 320], 'kernel_size': [5, 3, 3, 3, 3, 3, 3, 3, 3]}",11.33,99.68
245,298.553,"[1, 3, 32, 32]",5.854,"{'depth': [1, 1, 1, 2, 2], 'out_channel': [32, 88, 128, 160, 160, 384, 384], 'kernel_size': [3, 3, 3, 3, 3, 3, 3]}",11.29,99.71
246,593.384,"[1, 3, 32, 32]",14.052,"{'depth': [1, 2, 1, 3, 3], 'out_channel': [64, 88, 88, 96, 144, 144, 144, 512, 512, 512], 'kernel_size': [7, 3, 3, 3, 3, 3, 3, 3, 3, 3]}",11.41,99.67
247,335.147,"[1, 3, 32, 32]",6.145,"{'depth': [1, 2, 2, 3, 2], 'out_channel': [40, 64, 64, 64, 64, 160, 160, 160, 384, 384], 'kernel_size': [5, 3, 3, 3, 3, 3, 3, 3, 3, 3]}",10.66,99.64
248,524.997,"[1, 3, 32, 32]",4.992,"{'depth': [1, 2, 1, 1, 1], 'out_channel': [32, 96, 96, 160, 320, 416], 'kernel_size': [5, 3, 3, 3, 3, 3]}",64.94,99.84
249,660.06,"[1, 3, 32, 32]",13.17,"{'depth': [1, 2, 2, 1, 2], 'out_channel': [56, 88, 88, 144, 144, 128, 640, 640], 'kernel_size': [7, 3, 3, 3, 3, 3, 3, 3]}",11.46,99.65
250,459.274,"[1, 3, 32, 32]",15.992,"{'depth': [1, 1, 2, 1, 3], 'out_channel': [56, 40, 128, 128, 240, 544, 544, 544], 'kernel_size': [7, 3, 3, 3, 3, 3, 3, 3]}",28.5,99.82
251,357.657,"[1, 3, 32, 32]",4.537,"{'depth': [1, 1, 1, 2, 2], 'out_channel': [56, 96, 144, 192, 192, 288, 288], 'kernel_size': [7, 3, 3, 3, 3, 3, 3]}",11.91,99.77
252,321.943,"[1, 3, 32, 32]",6.426,"{'depth': [1, 1, 2, 2, 1], 'out_channel': [56, 64, 80, 80, 240, 240, 576], 'kernel_size': [7, 3, 3, 3, 3, 3, 3]}",16.71,99.75
253,322.205,"[1, 3, 32, 32]",4.955,"{'depth': [1, 1, 1, 2, 1], 'out_channel': [56, 80, 160, 160, 160, 544], 'kernel_size': [7, 3, 3, 3, 3, 3]}",14.64,99.73
254,208.327,"[1, 3, 32, 32]",3.788,"{'depth': [1, 1, 2, 1, 1], 'out_channel': [64, 64, 64, 64, 240, 448], 'kernel_size': [5, 3, 3, 3, 3, 3]}",68.48,99.79
255,500.247,"[1, 3, 32, 32]",5.357,"{'depth': [1, 2, 2, 2, 3], 'out_channel': [40, 96, 96, 80, 80, 208, 208, 256, 256, 256], 'kernel_size': [3, 3, 3, 3, 3, 3, 3, 3, 3, 3]}",10.26,99.61
256,547.69,"[1, 3, 32, 32]",19.662,"{'depth': [1, 1, 1, 3, 3], 'out_channel': [64, 56, 64, 256, 256, 256, 576, 576, 576], 'kernel_size': [3, 3, 3, 3, 3, 3, 3, 3, 3]}",19.23,99.83
257,182.727,"[1, 3, 32, 32]",3.029,"{'depth': [1, 2, 1, 1, 1], 'out_channel': [40, 48, 48, 80, 192, 416], 'kernel_size': [7, 3, 3, 3, 3, 3]}",68.36,99.83
258,403.117,"[1, 3, 32, 32]",4.919,"{'depth': [1, 2, 2, 1, 1], 'out_channel': [48, 56, 56, 160, 160, 160, 544], 'kernel_size': [3, 3, 3, 3, 3, 3, 3]}",22.79,99.76
259,282.448,"[1, 3, 32, 32]",5.356,"{'depth': [1, 1, 1, 2, 1], 'out_channel': [32, 72, 64, 272, 272, 448], 'kernel_size': [5, 3, 3, 3, 3, 3]}",39.81,99.79
260,355.429,"[1, 3, 32, 32]",6.359,"{'depth': [1, 1, 2, 2, 2], 'out_channel': [56, 64, 64, 64, 320, 320, 288, 288], 'kernel_size': [3, 3, 3, 3, 3, 3, 3, 3]}",13.38,99.79
261,236.318,"[1, 3, 32, 32]",4.043,"{'depth': [1, 2, 1, 3, 2], 'out_channel': [56, 40, 40, 128, 144, 144, 144, 288, 288], 'kernel_size': [5, 3, 3, 3, 3, 3, 3, 3, 3]}",13.37,99.72
262,614.184,"[1, 3, 32, 32]",18.58,"{'depth': [1, 1, 2, 3, 3], 'out_channel': [40, 88, 64, 64, 272, 272, 272, 544, 544, 544], 'kernel_size': [5, 3, 3, 3, 3, 3, 3, 3, 3, 3]}",12.66,99.74
263,247.305,"[1, 3, 32, 32]",5.464,"{'depth': [1, 1, 1, 3, 1], 'out_channel': [32, 32, 128, 192, 192, 192, 512], 'kernel_size': [7, 3, 3, 3, 3, 3, 3]}",27.11,99.8
264,378.343,"[1, 3, 32, 32]",7.199,"{'depth': [1, 1, 1, 3, 2], 'out_channel': [48, 80, 80, 240, 240, 240, 352, 352], 'kernel_size': [5, 3, 3, 3, 3, 3, 3, 3]}",15.85,99.8
265,173.494,"[1, 3, 32, 32]",5.3,"{'depth': [1, 1, 2, 1, 2], 'out_channel': [32, 32, 80, 80, 176, 384, 384], 'kernel_size': [5, 3, 3, 3, 3, 3, 3]}",55.74,99.73
266,220.329,"[1, 3, 32, 32]",4.522,"{'depth': [1, 1, 1, 1, 1], 'out_channel': [56, 64, 112, 192, 544], 'kernel_size': [5, 3, 3, 3, 3]}",66.24,99.82
267,433.771,"[1, 3, 32, 32]",4.884,"{'depth': [1, 2, 1, 1, 1], 'out_channel': [32, 80, 80, 160, 320, 416], 'kernel_size': [3, 3, 3, 3, 3, 3]}",65.69,99.86
268,249.843,"[1, 3, 32, 32]",5.57,"{'depth': [1, 1, 1, 1, 2], 'out_channel': [32, 88, 80, 208, 384, 384], 'kernel_size': [7, 3, 3, 3, 3, 3]}",67.57,99.81
269,628.488,"[1, 3, 32, 32]",20.275,"{'depth': [1, 1, 1, 3, 3], 'out_channel': [56, 80, 80, 272, 272, 272, 576, 576, 576], 'kernel_size': [3, 3, 3, 3, 3, 3, 3, 3, 3]}",15.46,99.82
270,494.205,"[1, 3, 32, 32]",19.527,"{'depth': [1, 2, 1, 3, 3], 'out_channel': [56, 40, 40, 112, 176, 176, 176, 608, 608, 608], 'kernel_size': [3, 3, 3, 3, 3, 3, 3, 3, 3, 3]}",11.96,99.69
271,274.593,"[1, 3, 32, 32]",10.601,"{'depth': [1, 1, 1, 1, 2], 'out_channel': [56, 40, 64, 288, 544, 544], 'kernel_size': [7, 3, 3, 3, 3, 3]}",83.24,99.78
272,451.768,"[1, 3, 32, 32]",12.19,"{'depth': [1, 1, 2, 2, 3], 'out_channel': [56, 48, 96, 96, 304, 304, 416, 416, 416], 'kernel_size': [5, 3, 3, 3, 3, 3, 3, 3, 3]}",11.44,99.79
273,272.673,"[1, 3, 32, 32]",3.146,"{'depth': [1, 2, 1, 1, 2], 'out_channel': [56, 64, 64, 112, 192, 256, 256], 'kernel_size': [5, 3, 3, 3, 3, 3, 3]}",34.86,99.84
274,391.705,"[1, 3, 32, 32]",6.697,"{'depth': [1, 2, 1, 3, 1], 'out_channel': [56, 32, 32, 144, 272, 272, 272, 416], 'kernel_size': [5, 3, 3, 3, 3, 3, 3, 3]}",26.86,99.78
275,322.312,"[1, 3, 32, 32]",5.298,"{'depth': [1, 1, 2, 2, 1], 'out_channel': [64, 72, 112, 112, 160, 160, 576], 'kernel_size': [3, 3, 3, 3, 3, 3, 3]}",11.34,99.7
276,455.398,"[1, 3, 32, 32]",7.724,"{'depth': [1, 1, 1, 3, 1], 'out_channel': [64, 72, 96, 288, 288, 288, 480], 'kernel_size': [7, 3, 3, 3, 3, 3, 3]}",33.12,99.84
277,531.483,"[1, 3, 32, 32]",8.595,"{'depth': [1, 1, 1, 3, 2], 'out_channel': [64, 64, 144, 320, 320, 320, 288, 288], 'kernel_size': [7, 3, 3, 3, 3, 3, 3, 3]}",15.78,99.78
278,298.154,"[1, 3, 32, 32]",6.677,"{'depth': [1, 1, 1, 2, 1], 'out_channel': [56, 48, 144, 224, 224, 608], 'kernel_size': [3, 3, 3, 3, 3, 3]}",23.66,99.83
279,417.796,"[1, 3, 32, 32]",5.464,"{'depth': [1, 1, 2, 1, 2], 'out_channel': [48, 96, 144, 144, 192, 352, 352], 'kernel_size': [5, 3, 3, 3, 3, 3, 3]}",19.66,99.78
280,364.491,"[1, 3, 32, 32]",12.915,"{'depth': [1, 2, 1, 1, 3], 'out_channel': [40, 48, 48, 80, 288, 480, 480, 480], 'kernel_size': [7, 3, 3, 3, 3, 3, 3, 3]}",64.97,99.82
281,683.137,"[1, 3, 32, 32]",21.025,"{'depth': [1, 2, 2, 2, 3], 'out_channel': [32, 88, 88, 80, 80, 176, 176, 640, 640, 640], 'kernel_size': [5, 3, 3, 3, 3, 3, 3, 3, 3, 3]}",10.13,99.44
282,221.556,"[1, 3, 32, 32]",6.828,"{'depth': [1, 1, 1, 1, 3], 'out_channel': [40, 48, 128, 160, 352, 352, 352], 'kernel_size': [3, 3, 3, 3, 3, 3, 3]}",52.34,99.79
283,813.586,"[1, 3, 32, 32]",14.721,"{'depth': [1, 2, 2, 3, 2], 'out_channel': [32, 96, 96, 96, 96, 304, 304, 304, 544, 544], 'kernel_size': [3, 3, 3, 3, 3, 3, 3, 3, 3, 3]}",10.29,99.68
284,499.289,"[1, 3, 32, 32]",8.225,"{'depth': [1, 2, 2, 3, 3], 'out_channel': [48, 56, 56, 112, 112, 256, 256, 256, 288, 288, 288], 'kernel_size': [5, 3, 3, 3, 3, 3, 3, 3, 3, 3, 3]}",10.38,99.56
285,415.749,"[1, 3, 32, 32]",14.887,"{'depth': [1, 1, 1, 1, 3], 'out_channel': [32, 80, 144, 144, 544, 544, 544], 'kernel_size': [5, 3, 3, 3, 3, 3, 3]}",43.19,99.78
286,425.302,"[1, 3, 32, 32]",11.755,"{'depth': [1, 1, 1, 2, 2], 'out_channel': [32, 88, 144, 192, 192, 576, 576], 'kernel_size': [5, 3, 3, 3, 3, 3, 3]}",11.8,99.74
287,553.973,"[1, 3, 32, 32]",6.736,"{'depth': [1, 2, 1, 2, 1], 'out_channel': [40, 96, 96, 80, 288, 288, 512], 'kernel_size': [7, 3, 3, 3, 3, 3, 3]}",20.37,99.78
288,352.981,"[1, 3, 32, 32]",10.527,"{'depth': [1, 2, 2, 1, 3], 'out_channel': [64, 48, 48, 96, 96, 160, 448, 448, 448], 'kernel_size': [3, 3, 3, 3, 3, 3, 3, 3, 3]}",21.1,99.76
289,423.644,"[1, 3, 32, 32]",3.678,"{'depth': [1, 2, 2, 1, 1], 'out_channel': [48, 72, 72, 128, 128, 288, 320], 'kernel_size': [7, 3, 3, 3, 3, 3, 3]}",28.47,99.82
290,412.143,"[1, 3, 32, 32]",8.405,"{'depth': [1, 1, 1, 2, 3], 'out_channel': [64, 88, 128, 224, 224, 352, 352, 352], 'kernel_size': [7, 3, 3, 3, 3, 3, 3, 3]}",11.86,99.8
291,845.838,"[1, 3, 32, 32]",23.319,"{'depth': [1, 2, 1, 3, 3], 'out_channel': [56, 80, 80, 96, 304, 304, 304, 608, 608, 608], 'kernel_size': [3, 3, 3, 3, 3, 3, 3, 3, 3, 3]}",11.08,99.74
292,277.1,"[1, 3, 32, 32]",4.772,"{'depth': [1, 1, 2, 2, 1], 'out_channel': [40, 96, 64, 64, 144, 144, 576], 'kernel_size': [7, 3, 3, 3, 3, 3, 3]}",16.19,99.66
293,222.088,"[1, 3, 32, 32]",3.918,"{'depth': [1, 2, 1, 1, 2], 'out_channel': [64, 56, 56, 64, 176, 320, 320], 'kernel_size': [3, 3, 3, 3, 3, 3, 3]}",63.47,99.82
294,366.139,"[1, 3, 32, 32]",7.185,"{'depth': [1, 2, 2, 2, 1], 'out_channel': [32, 56, 56, 80, 80, 256, 256, 608], 'kernel_size': [3, 3, 3, 3, 3, 3, 3, 3]}",13.35,99.77
295,481.922,"[1, 3, 32, 32]",6.741,"{'depth': [1, 1, 2, 3, 2], 'out_channel': [48, 64, 128, 128, 272, 272, 272, 256, 256], 'kernel_size': [5, 3, 3, 3, 3, 3, 3, 3, 3]}",10.59,99.64
296,464.368,"[1, 3, 32, 32]",10.988,"{'depth': [1, 2, 2, 2, 2], 'out_channel': [40, 56, 56, 64, 64, 320, 320, 480, 480], 'kernel_size': [5, 3, 3, 3, 3, 3, 3, 3, 3]}",11.51,99.75
297,168.16,"[1, 3, 32, 32]",2.288,"{'depth': [1, 2, 2, 1, 1], 'out_channel': [40, 40, 40, 80, 80, 192, 320], 'kernel_size': [3, 3, 3, 3, 3, 3, 3]}",52.17,99.78
298,418.681,"[1, 3, 32, 32]",6.176,"{'depth': [1, 2, 1, 2, 2], 'out_channel': [32, 88, 88, 64, 192, 192, 384, 384], 'kernel_size': [7, 3, 3, 3, 3, 3, 3, 3]}",11.72,99.72
299,658.544,"[1, 3, 32, 32]",18.849,"{'depth': [1, 2, 1, 3, 3], 'out_channel': [48, 72, 72, 144, 208, 208, 208, 576, 576, 576], 'kernel_size': [5, 3, 3, 3, 3, 3, 3, 3, 3, 3]}",10.69,99.63
300,437.679,"[1, 3, 32, 32]",11.276,"{'depth': [1, 2, 2, 3, 2], 'out_channel': [56, 48, 48, 96, 96, 192, 192, 192, 544, 544], 'kernel_size': [7, 3, 3, 3, 3, 3, 3, 3, 3, 3]}",10.56,99.6
301,533.313,"[1, 3, 32, 32]",19.096,"{'depth': [1, 1, 1, 3, 3], 'out_channel': [56, 40, 144, 224, 224, 224, 576, 576, 576], 'kernel_size': [7, 3, 3, 3, 3, 3, 3, 3, 3]}",14.34,99.78
302,396.022,"[1, 3, 32, 32]",12.529,"{'depth': [1, 1, 2, 1, 3], 'out_channel': [32, 32, 144, 144, 192, 480, 480, 480], 'kernel_size': [5, 3, 3, 3, 3, 3, 3, 3]}",33.53,99.81
303,172.798,"[1, 3, 32, 32]",5.998,"{'depth': [1, 1, 1, 1, 2], 'out_channel': [40, 32, 96, 176, 416, 416], 'kernel_size': [7, 3, 3, 3, 3, 3]}",76.17,99.77
304,349.377,"[1, 3, 32, 32]",11.853,"{'depth': [1, 1, 2, 1, 3], 'out_channel': [48, 48, 112, 112, 144, 480, 480, 480], 'kernel_size': [7, 3, 3, 3, 3, 3, 3, 3]}",27.61,99.77
305,803.822,"[1, 3, 32, 32]",21.121,"{'depth': [1, 2, 2, 3, 3], 'out_channel': [48, 88, 88, 144, 144, 128, 128, 128, 640, 640, 640], 'kernel_size': [5, 3, 3, 3, 3, 3, 3, 3, 3, 3, 3]}",10.1,99.21
306,729.422,"[1, 3, 32, 32]",10.415,"{'depth': [1, 2, 2, 3, 1], 'out_channel': [64, 80, 80, 128, 128, 288, 288, 288, 640], 'kernel_size': [7, 3, 3, 3, 3, 3, 3, 3, 3]}",10.75,99.74
307,642.431,"[1, 3, 32, 32]",22.85,"{'depth': [1, 1, 2, 2, 3], 'out_channel': [56, 32, 144, 144, 256, 256, 640, 640, 640], 'kernel_size': [3, 3, 3, 3, 3, 3, 3, 3, 3]}",11.06,99.68
308,487.053,"[1, 3, 32, 32]",9.964,"{'depth': [1, 1, 2, 3, 1], 'out_channel': [64, 40, 96, 96, 304, 304, 304, 608], 'kernel_size': [5, 3, 3, 3, 3, 3, 3, 3]}",19.67,99.8
309,190.975,"[1, 3, 32, 32]",2.088,"{'depth': [1, 1, 1, 1, 1], 'out_channel': [48, 88, 64, 176, 320], 'kernel_size': [5, 3, 3, 3, 3]}",70.85,99.79
310,533.403,"[1, 3, 32, 32]",12.123,"{'depth': [1, 1, 2, 2, 2], 'out_channel': [48, 64, 128, 128, 304, 304, 512, 512], 'kernel_size': [7, 3, 3, 3, 3, 3, 3, 3]}",10.65,99.73
311,459.232,"[1, 3, 32, 32]",10.365,"{'depth': [1, 2, 2, 1, 3], 'out_channel': [32, 88, 88, 64, 64, 144, 448, 448, 448], 'kernel_size': [3, 3, 3, 3, 3, 3, 3, 3, 3]}",25.13,99.79
312,518.828,"[1, 3, 32, 32]",11.535,"{'depth': [1, 2, 1, 2, 3], 'out_channel': [56, 80, 80, 112, 192, 192, 448, 448, 448], 'kernel_size': [7, 3, 3, 3, 3, 3, 3, 3, 3]}",10.64,99.63
313,431.641,"[1, 3, 32, 32]",11.477,"{'depth': [1, 1, 2, 1, 3], 'out_channel': [32, 40, 160, 160, 208, 448, 448, 448], 'kernel_size': [7, 3, 3, 3, 3, 3, 3, 3]}",27.33,99.8
314,381.455,"[1, 3, 32, 32]",4.542,"{'depth': [1, 1, 1, 2, 1], 'out_channel': [48, 96, 128, 272, 272, 320], 'kernel_size': [3, 3, 3, 3, 3, 3]}",19.81,99.83
315,442.412,"[1, 3, 32, 32]",2.885,"{'depth': [1, 2, 1, 3, 1], 'out_channel': [56, 88, 88, 128, 160, 160, 160, 256], 'kernel_size': [7, 3, 3, 3, 3, 3, 3, 3]}",10.77,99.65
316,281.049,"[1, 3, 32, 32]",5.538,"{'depth': [1, 1, 2, 2, 1], 'out_channel': [56, 64, 96, 96, 160, 160, 608], 'kernel_size': [5, 3, 3, 3, 3, 3, 3]}",11.99,99.69
317,381.786,"[1, 3, 32, 32]",17.308,"{'depth': [1, 1, 1, 2, 3], 'out_channel': [32, 40, 80, 192, 192, 576, 576, 576], 'kernel_size': [3, 3, 3, 3, 3, 3, 3, 3]}",16.24,99.77
318,367.155,"[1, 3, 32, 32]",11.622,"{'depth': [1, 2, 2, 1, 2], 'out_channel': [32, 56, 56, 64, 64, 272, 576, 576], 'kernel_size': [5, 3, 3, 3, 3, 3, 3, 3]}",43.63,99.87
319,307.088,"[1, 3, 32, 32]",3.713,"{'depth': [1, 2, 1, 1, 2], 'out_channel': [32, 72, 72, 96, 272, 256, 256], 'kernel_size': [5, 3, 3, 3, 3, 3, 3]}",52.33,99.86
320,326.628,"[1, 3, 32, 32]",13.939,"{'depth': [1, 1, 1, 1, 3], 'out_channel': [56, 40, 96, 240, 512, 512, 512], 'kernel_size': [3, 3, 3, 3, 3, 3, 3]}",75.03,99.81
321,350.424,"[1, 3, 32, 32]",4.542,"{'depth': [1, 2, 2, 2, 1], 'out_channel': [64, 56, 56, 64, 64, 288, 288, 320], 'kernel_size': [5, 3, 3, 3, 3, 3, 3, 3]}",15.17,99.77
322,647.502,"[1, 3, 32, 32]",20.464,"{'depth': [1, 1, 2, 1, 3], 'out_channel': [48, 64, 160, 160, 288, 608, 608, 608], 'kernel_size': [5, 3, 3, 3, 3, 3, 3, 3]}",20.32,99.81
323,256.675,"[1, 3, 32, 32]",2.828,"{'depth': [1, 1, 1, 1, 1], 'out_channel': [48, 88, 112, 272, 288], 'kernel_size': [3, 3, 3, 3, 3]}",67.15,99.85
324,451.565,"[1, 3, 32, 32]",16.706,"{'depth': [1, 2, 2, 2, 3], 'out_channel': [48, 40, 40, 112, 112, 128, 128, 576, 576, 576], 'kernel_size': [3, 3, 3, 3, 3, 3, 3, 3, 3, 3]}",10.76,99.58
325,329.388,"[1, 3, 32, 32]",10.051,"{'depth': [1, 1, 1, 3, 3], 'out_channel': [64, 32, 80, 224, 224, 224, 384, 384, 384], 'kernel_size': [3, 3, 3, 3, 3, 3, 3, 3, 3]}",24.49,99.78
326,293.361,"[1, 3, 32, 32]",9.531,"{'depth': [1, 2, 1, 1, 2], 'out_channel': [64, 32, 32, 160, 144, 544, 544], 'kernel_size': [5, 3, 3, 3, 3, 3, 3]}",52.61,99.74
327,348.534,"[1, 3, 32, 32]",4.421,"{'depth': [1, 2, 1, 3, 1], 'out_channel': [40, 80, 80, 64, 144, 144, 144, 512], 'kernel_size': [3, 3, 3, 3, 3, 3, 3, 3]}",19.73,99.75
328,772.299,"[1, 3, 32, 32]",24.305,"{'depth': [1, 1, 2, 2, 3], 'out_channel': [48, 80, 128, 128, 320, 320, 640, 640, 640], 'kernel_size': [5, 3, 3, 3, 3, 3, 3, 3, 3]}",10.35,99.62
329,342.678,"[1, 3, 32, 32]",7.648,"{'depth': [1, 1, 1, 3, 1], 'out_channel': [32, 48, 160, 208, 208, 208, 640], 'kernel_size': [3, 3, 3, 3, 3, 3, 3]}",23.22,99.81
330,205.41,"[1, 3, 32, 32]",3.679,"{'depth': [1, 1, 2, 3, 1], 'out_channel': [32, 56, 64, 64, 160, 160, 160, 416], 'kernel_size': [7, 3, 3, 3, 3, 3, 3, 3]}",15.35,99.73
331,263.977,"[1, 3, 32, 32]",5.757,"{'depth': [1, 2, 2, 2, 1], 'out_channel': [56, 32, 32, 112, 112, 144, 144, 640], 'kernel_size': [3, 3, 3, 3, 3, 3, 3, 3]}",13.28,99.63
332,594.892,"[1, 3, 32, 32]",17.218,"{'depth': [1, 2, 1, 2, 3], 'out_channel': [48, 80, 80, 128, 160, 160, 576, 576, 576], 'kernel_size': [5, 3, 3, 3, 3, 3, 3, 3, 3]}",10.28,99.56
333,334.359,"[1, 3, 32, 32]",4.206,"{'depth': [1, 1, 1, 2, 2], 'out_channel': [56, 88, 144, 208, 208, 256, 256], 'kernel_size': [3, 3, 3, 3, 3, 3, 3]}",11.91,99.77
334,664.269,"[1, 3, 32, 32]",11.339,"{'depth': [1, 2, 2, 2, 3], 'out_channel': [40, 88, 88, 160, 160, 128, 128, 448, 448, 448], 'kernel_size': [7, 3, 3, 3, 3, 3, 3, 3, 3, 3]}",10.1,99.44
335,202.591,"[1, 3, 32, 32]",5.408,"{'depth': [1, 2, 1, 1, 3], 'out_channel': [64, 32, 32, 80, 256, 288, 288, 288], 'kernel_size': [7, 3, 3, 3, 3, 3, 3, 3]}",79.09,99.76
336,386.231,"[1, 3, 32, 32]",7.493,"{'depth': [1, 1, 2, 2, 3], 'out_channel': [56, 88, 80, 80, 240, 240, 320, 320, 320], 'kernel_size': [5, 3, 3, 3, 3, 3, 3, 3, 3]}",11.33,99.71
337,573.404,"[1, 3, 32, 32]",12.863,"{'depth': [1, 1, 2, 3, 3], 'out_channel': [56, 88, 128, 128, 208, 208, 208, 448, 448, 448], 'kernel_size': [7, 3, 3, 3, 3, 3, 3, 3, 3, 3]}",10.49,99.58
338,429.617,"[1, 3, 32, 32]",3.161,"{'depth': [1, 2, 1, 1, 1], 'out_channel': [56, 96, 96, 112, 160, 416], 'kernel_size': [3, 3, 3, 3, 3, 3]}",46.59,99.8
339,386.446,"[1, 3, 32, 32]",12.025,"{'depth': [1, 1, 1, 2, 3], 'out_channel': [56, 48, 144, 224, 224, 448, 448, 448], 'kernel_size': [5, 3, 3, 3, 3, 3, 3, 3]}",12.96,99.77
340,401.102,"[1, 3, 32, 32]",8.603,"{'depth': [1, 2, 2, 2, 2], 'out_channel': [64, 40, 40, 144, 144, 160, 160, 480, 480], 'kernel_size': [3, 3, 3, 3, 3, 3, 3, 3, 3]}",10.38,99.54
341,440.52,"[1, 3, 32, 32]",4.656,"{'depth': [1, 2, 1, 2, 1], 'out_channel': [32, 80, 80, 144, 240, 240, 384], 'kernel_size': [5, 3, 3, 3, 3, 3, 3]}",13.64,99.77
342,294.449,"[1, 3, 32, 32]",4.402,"{'depth': [1, 2, 2, 1, 1], 'out_channel': [56, 56, 56, 80, 80, 320, 416], 'kernel_size': [3, 3, 3, 3, 3, 3, 3]}",60.5,99.82
343,442.232,"[1, 3, 32, 32]",5.825,"{'depth': [1, 2, 2, 3, 2], 'out_channel': [56, 64, 64, 96, 96, 224, 224, 224, 288, 288], 'kernel_size': [7, 3, 3, 3, 3, 3, 3, 3, 3, 3]}",10.43,99.62
344,324.319,"[1, 3, 32, 32]",5.758,"{'depth': [1, 2, 1, 2, 1], 'out_channel': [40, 64, 64, 112, 176, 176, 608], 'kernel_size': [3, 3, 3, 3, 3, 3, 3]}",12.56,99.75
345,615.635,"[1, 3, 32, 32]",22.944,"{'depth': [1, 2, 2, 3, 3], 'out_channel': [32, 48, 48, 64, 64, 240, 240, 240, 640, 640, 640], 'kernel_size': [7, 3, 3, 3, 3, 3, 3, 3, 3, 3, 3]}",11.09,99.65
346,499.209,"[1, 3, 32, 32]",7.88,"{'depth': [1, 2, 2, 3, 1], 'out_channel': [32, 56, 56, 96, 96, 288, 288, 288, 480], 'kernel_size': [7, 3, 3, 3, 3, 3, 3, 3, 3]}",12.32,99.76
347,537.646,"[1, 3, 32, 32]",16.485,"{'depth': [1, 2, 2, 1, 3], 'out_channel': [64, 56, 56, 112, 112, 288, 544, 544, 544], 'kernel_size': [5, 3, 3, 3, 3, 3, 3, 3, 3]}",17.39,99.83
348,517.035,"[1, 3, 32, 32]",16.665,"{'depth': [1, 1, 2, 1, 3], 'out_channel': [32, 32, 160, 160, 272, 544, 544, 544], 'kernel_size': [3, 3, 3, 3, 3, 3, 3, 3]}",38.08,99.81
349,343.845,"[1, 3, 32, 32]",3.967,"{'depth': [1, 2, 2, 1, 2], 'out_channel': [40, 48, 48, 144, 144, 240, 256, 256], 'kernel_size': [7, 3, 3, 3, 3, 3, 3, 3]}",17.49,99.77
350,327.774,"[1, 3, 32, 32]",3.487,"{'depth': [1, 1, 1, 3, 1], 'out_channel': [56, 96, 144, 144, 144, 144, 384], 'kernel_size': [3, 3, 3, 3, 3, 3, 3]}",18.01,99.75
351,316.428,"[1, 3, 32, 32]",5.893,"{'depth': [1, 2, 2, 1, 2], 'out_channel': [64, 40, 40, 112, 112, 288, 352, 352], 'kernel_size': [7, 3, 3, 3, 3, 3, 3, 3]}",29.6,99.78
352,373.706,"[1, 3, 32, 32]",6.557,"{'depth': [1, 1, 2, 3, 3], 'out_channel': [32, 48, 144, 144, 176, 176, 176, 288, 288, 288], 'kernel_size': [5, 3, 3, 3, 3, 3, 3, 3, 3, 3]}",10.69,99.62
353,287.665,"[1, 3, 32, 32]",3.406,"{'depth': [1, 1, 1, 1, 2], 'out_channel': [56, 96, 144, 128, 288, 288], 'kernel_size': [3, 3, 3, 3, 3, 3]}",44.27,99.77
354,413.579,"[1, 3, 32, 32]",6.875,"{'depth': [1, 2, 2, 1, 1], 'out_channel': [40, 40, 40, 160, 160, 304, 576], 'kernel_size': [3, 3, 3, 3, 3, 3, 3]}",52.19,99.81
355,413.226,"[1, 3, 32, 32]",15.539,"{'depth': [1, 2, 2, 1, 3], 'out_channel': [64, 48, 48, 64, 64, 240, 544, 544, 544], 'kernel_size': [5, 3, 3, 3, 3, 3, 3, 3, 3]}",41.51,99.84
356,232.698,"[1, 3, 32, 32]",4.232,"{'depth': [1, 1, 1, 2, 1], 'out_channel': [56, 40, 144, 192, 192, 448], 'kernel_size': [7, 3, 3, 3, 3, 3]}",21.94,99.81
357,538.546,"[1, 3, 32, 32]",6.665,"{'depth': [1, 2, 2, 3, 1], 'out_channel': [48, 40, 40, 160, 160, 272, 272, 272, 352], 'kernel_size': [7, 3, 3, 3, 3, 3, 3, 3, 3]}",12.13,99.8
358,499.463,"[1, 3, 32, 32]",9.52,"{'depth': [1, 2, 2, 1, 2], 'out_channel': [40, 96, 96, 64, 64, 144, 544, 544], 'kernel_size': [5, 3, 3, 3, 3, 3, 3, 3]}",26.7,99.76
359,453.335,"[1, 3, 32, 32]",6.723,"{'depth': [1, 1, 2, 2, 1], 'out_channel': [64, 88, 144, 144, 176, 176, 640], 'kernel_size': [3, 3, 3, 3, 3, 3, 3]}",11.28,99.76
360,651.155,"[1, 3, 32, 32]",18.456,"{'depth': [1, 2, 2, 3, 3], 'out_channel': [32, 56, 56, 112, 112, 256, 256, 256, 544, 544, 544], 'kernel_size': [3, 3, 3, 3, 3, 3, 3, 3, 3, 3, 3]}",10.25,99.58
361,611.039,"[1, 3, 32, 32]",19.333,"{'depth': [1, 1, 1, 3, 3], 'out_channel': [40, 48, 144, 288, 288, 288, 544, 544, 544], 'kernel_size': [3, 3, 3, 3, 3, 3, 3, 3, 3]}",13.44,99.78
362,628.873,"[1, 3, 32, 32]",13.91,"{'depth': [1, 1, 2, 3, 2], 'out_channel': [64, 56, 144, 144, 272, 272, 272, 544, 544], 'kernel_size': [7, 3, 3, 3, 3, 3, 3, 3, 3]}",10.83,99.7
363,518.19,"[1, 3, 32, 32]",14.663,"{'depth': [1, 1, 2, 2, 3], 'out_channel': [40, 80, 128, 128, 192, 192, 512, 512, 512], 'kernel_size': [5, 3, 3, 3, 3, 3, 3, 3, 3]}",10.34,99.59
364,530.14,"[1, 3, 32, 32]",5.667,"{'depth': [1, 2, 2, 2, 1], 'out_channel': [64, 56, 56, 144, 144, 320, 320, 288], 'kernel_size': [7, 3, 3, 3, 3, 3, 3, 3]}",10.93,99.72
365,342.822,"[1, 3, 32, 32]",4.179,"{'depth': [1, 1, 2, 2, 1], 'out_channel': [64, 72, 96, 96, 256, 256, 320], 'kernel_size': [7, 3, 3, 3, 3, 3, 3]}",13.9,99.77
366,594.204,"[1, 3, 32, 32]",6.912,"{'depth': [1, 2, 1, 2, 1], 'out_channel': [64, 96, 96, 144, 240, 240, 576], 'kernel_size': [3, 3, 3, 3, 3, 3, 3]}",14.15,99.79
367,268.974,"[1, 3, 32, 32]",6.015,"{'depth': [1, 1, 1, 2, 1], 'out_channel': [40, 40, 160, 208, 208, 576], 'kernel_size': [3, 3, 3, 3, 3, 3]}",27.81,99.83
368,375.503,"[1, 3, 32, 32]",4.889,"{'depth': [1, 2, 1, 1, 1], 'out_channel': [40, 88, 88, 80, 144, 608], 'kernel_size': [7, 3, 3, 3, 3, 3]}",52.26,99.8
369,591.706,"[1, 3, 32, 32]",10.158,"{'depth': [1, 1, 2, 3, 1], 'out_channel': [40, 32, 160, 160, 304, 304, 304, 576], 'kernel_size': [7, 3, 3, 3, 3, 3, 3, 3]}",17.22,99.8
370,271.537,"[1, 3, 32, 32]",4.609,"{'depth': [1, 1, 1, 2, 1], 'out_channel': [32, 80, 144, 144, 144, 544], 'kernel_size': [7, 3, 3, 3, 3, 3]}",17.25,99.73
371,457.624,"[1, 3, 32, 32]",7.848,"{'depth': [1, 2, 2, 3, 3], 'out_channel': [32, 32, 32, 128, 128, 272, 272, 272, 256, 256, 256], 'kernel_size': [5, 3, 3, 3, 3, 3, 3, 3, 3, 3, 3]}",11.23,99.66
372,549.039,"[1, 3, 32, 32]",6.332,"{'depth': [1, 2, 1, 3, 2], 'out_channel': [40, 88, 88, 160, 208, 208, 208, 320, 320], 'kernel_size': [5, 3, 3, 3, 3, 3, 3, 3, 3]}",10.74,99.65
373,587.601,"[1, 3, 32, 32]",10.579,"{'depth': [1, 1, 2, 2, 2], 'out_channel': [48, 88, 160, 160, 256, 256, 480, 480], 'kernel_size': [3, 3, 3, 3, 3, 3, 3, 3]}",10.47,99.73
374,561.732,"[1, 3, 32, 32]",21.166,"{'depth': [1, 1, 1, 3, 3], 'out_channel': [48, 80, 128, 160, 160, 160, 640, 640, 640], 'kernel_size': [3, 3, 3, 3, 3, 3, 3, 3, 3]}",11.05,99.63
375,367.947,"[1, 3, 32, 32]",6.302,"{'depth': [1, 2, 1, 3, 1], 'out_channel': [56, 32, 32, 96, 288, 288, 288, 352], 'kernel_size': [3, 3, 3, 3, 3, 3, 3, 3]}",33.9,99.82
376,374.076,"[1, 3, 32, 32]",13.704,"{'depth': [1, 1, 1, 2, 3], 'out_channel': [56, 40, 80, 256, 256, 480, 480, 480], 'kernel_size': [3, 3, 3, 3, 3, 3, 3, 3]}",18.32,99.84
377,817.074,"[1, 3, 32, 32]",7.785,"{'depth': [1, 2, 2, 3, 1], 'out_channel': [48, 96, 96, 144, 144, 304, 304, 304, 352], 'kernel_size': [7, 3, 3, 3, 3, 3, 3, 3, 3]}",10.43,99.7
378,478.738,"[1, 3, 32, 32]",16.95,"{'depth': [1, 1, 2, 2, 3], 'out_channel': [40, 96, 64, 64, 160, 160, 576, 576, 576], 'kernel_size': [7, 3, 3, 3, 3, 3, 3, 3, 3]}",11.28,99.65
379,254.496,"[1, 3, 32, 32]",4.034,"{'depth': [1, 1, 2, 3, 2], 'out_channel': [32, 40, 128, 128, 128, 128, 128, 288, 288], 'kernel_size': [3, 3, 3, 3, 3, 3, 3, 3, 3]}",11.27,99.62
380,274.642,"[1, 3, 32, 32]",3.994,"{'depth': [1, 1, 1, 2, 1], 'out_channel': [40, 96, 96, 160, 160, 480], 'kernel_size': [7, 3, 3, 3, 3, 3]}",17.32,99.76
381,653.038,"[1, 3, 32, 32]",12.875,"{'depth': [1, 1, 2, 3, 2], 'out_channel': [48, 80, 128, 128, 304, 304, 304, 480, 480], 'kernel_size': [3, 3, 3, 3, 3, 3, 3, 3, 3]}",10.61,99.69
382,484.636,"[1, 3, 32, 32]",7.906,"{'depth': [1, 2, 2, 3, 1], 'out_channel': [40, 72, 72, 64, 64, 256, 256, 256, 576], 'kernel_size': [3, 3, 3, 3, 3, 3, 3, 3, 3]}",14.7,99.85
383,539.383,"[1, 3, 32, 32]",14.092,"{'depth': [1, 1, 1, 3, 2], 'out_channel': [64, 40, 160, 288, 288, 288, 544, 544], 'kernel_size': [3, 3, 3, 3, 3, 3, 3, 3]}",16.88,99.81
384,361.402,"[1, 3, 32, 32]",3.376,"{'depth': [1, 1, 2, 3, 1], 'out_channel': [48, 64, 160, 160, 128, 128, 128, 352], 'kernel_size': [5, 3, 3, 3, 3, 3, 3, 3]}",11.41,99.6
385,299.563,"[1, 3, 32, 32]",6.967,"{'depth': [1, 1, 1, 1, 1], 'out_channel': [40, 72, 128, 288, 640], 'kernel_size': [3, 3, 3, 3, 3]}",75.43,99.82
386,434.067,"[1, 3, 32, 32]",13.62,"{'depth': [1, 1, 1, 2, 2], 'out_channel': [32, 64, 80, 304, 304, 576, 576], 'kernel_size': [3, 3, 3, 3, 3, 3, 3]}",16.74,99.82
387,555.833,"[1, 3, 32, 32]",14.272,"{'depth': [1, 2, 1, 3, 2], 'out_channel': [64, 64, 64, 128, 224, 224, 224, 608, 608], 'kernel_size': [3, 3, 3, 3, 3, 3, 3, 3, 3]}",11.04,99.76
388,614.57,"[1, 3, 32, 32]",22.095,"{'depth': [1, 2, 1, 2, 3], 'out_channel': [48, 32, 32, 144, 320, 320, 608, 608, 608], 'kernel_size': [7, 3, 3, 3, 3, 3, 3, 3, 3]}",13.39,99.7
389,534.426,"[1, 3, 32, 32]",12.232,"{'depth': [1, 2, 1, 1, 3], 'out_channel': [40, 88, 88, 128, 176, 480, 480, 480], 'kernel_size': [7, 3, 3, 3, 3, 3, 3, 3]}",26.57,99.76
390,348.78,"[1, 3, 32, 32]",10.427,"{'depth': [1, 2, 2, 1, 2], 'out_channel': [56, 56, 56, 80, 80, 144, 576, 576], 'kernel_size': [3, 3, 3, 3, 3, 3, 3, 3]}",26.78,99.73
391,486.387,"[1, 3, 32, 32]",9.324,"{'depth': [1, 1, 2, 2, 3], 'out_channel': [56, 96, 128, 128, 192, 192, 384, 384, 384], 'kernel_size': [5, 3, 3, 3, 3, 3, 3, 3, 3]}",10.37,99.62
392,441.8,"[1, 3, 32, 32]",7.639,"{'depth': [1, 1, 2, 2, 1], 'out_channel': [32, 56, 144, 144, 272, 272, 576], 'kernel_size': [7, 3, 3, 3, 3, 3, 3]}",13.4,99.81
393,225.111,"[1, 3, 32, 32]",3.603,"{'depth': [1, 2, 1, 3, 1], 'out_channel': [40, 32, 32, 112, 192, 192, 192, 320], 'kernel_size': [3, 3, 3, 3, 3, 3, 3, 3]}",19.63,99.72
394,402.387,"[1, 3, 32, 32]",8.671,"{'depth': [1, 2, 1, 2, 3], 'out_channel': [40, 64, 64, 160, 160, 160, 384, 384, 384], 'kernel_size': [3, 3, 3, 3, 3, 3, 3, 3, 3]}",10.44,99.64
395,390.508,"[1, 3, 32, 32]",8.209,"{'depth': [1, 2, 1, 2, 3], 'out_channel': [40, 48, 48, 144, 272, 272, 320, 320, 320], 'kernel_size': [3, 3, 3, 3, 3, 3, 3, 3, 3]}",11.39,99.78
396,264.869,"[1, 3, 32, 32]",5.099,"{'depth': [1, 1, 2, 1, 1], 'out_channel': [32, 32, 128, 128, 256, 512], 'kernel_size': [7, 3, 3, 3, 3, 3]}",58.63,99.8
397,557.665,"[1, 3, 32, 32]",7.0,"{'depth': [1, 2, 1, 2, 2], 'out_channel': [32, 80, 80, 160, 320, 320, 288, 288], 'kernel_size': [5, 3, 3, 3, 3, 3, 3, 3]}",11.01,99.72
398,323.718,"[1, 3, 32, 32]",4.822,"{'depth': [1, 1, 2, 3, 2], 'out_channel': [48, 64, 112, 112, 176, 176, 176, 288, 288], 'kernel_size': [5, 3, 3, 3, 3, 3, 3, 3, 3]}",10.69,99.62
399,310.874,"[1, 3, 32, 32]",3.226,"{'depth': [1, 2, 2, 1, 1], 'out_channel': [48, 32, 32, 160, 160, 192, 352], 'kernel_size': [7, 3, 3, 3, 3, 3, 3]}",38.02,99.74
400,216.779,"[1, 3, 32, 32]",2.341,"{'depth': [1, 1, 1, 1, 1], 'out_channel': [32, 96, 64, 272, 256], 'kernel_size': [3, 3, 3, 3, 3]}",75.4,99.85
401,367.441,"[1, 3, 32, 32]",6.462,"{'depth': [1, 1, 2, 3, 1], 'out_channel': [56, 48, 112, 112, 224, 224, 224, 512], 'kernel_size': [3, 3, 3, 3, 3, 3, 3, 3]}",13.65,99.78
402,526.646,"[1, 3, 32, 32]",21.677,"{'depth': [1, 1, 2, 2, 3], 'out_channel': [40, 56, 80, 80, 224, 224, 640, 640, 640], 'kernel_size': [5, 3, 3, 3, 3, 3, 3, 3, 3]}",11.06,99.69
403,558.1,"[1, 3, 32, 32]",9.84,"{'depth': [1, 2, 1, 3, 3], 'out_channel': [56, 72, 72, 144, 240, 240, 240, 352, 352, 352], 'kernel_size': [7, 3, 3, 3, 3, 3, 3, 3, 3, 3]}",10.77,99.7
404,427.019,"[1, 3, 32, 32]",4.328,"{'depth': [1, 2, 1, 3, 2], 'out_channel': [64, 80, 80, 144, 144, 144, 144, 288, 288], 'kernel_size': [5, 3, 3, 3, 3, 3, 3, 3, 3]}",11.09,99.63
405,347.1,"[1, 3, 32, 32]",7.358,"{'depth': [1, 1, 2, 1, 2], 'out_channel': [48, 80, 112, 112, 192, 448, 448], 'kernel_size': [5, 3, 3, 3, 3, 3, 3]}",23.76,99.84
406,518.468,"[1, 3, 32, 32]",15.037,"{'depth': [1, 1, 1, 2, 3], 'out_channel': [40, 72, 128, 304, 304, 480, 480, 480], 'kernel_size': [7, 3, 3, 3, 3, 3, 3, 3]}",12.38,99.78
407,255.888,"[1, 3, 32, 32]",4.079,"{'depth': [1, 1, 1, 2, 1], 'out_channel': [32, 40, 112, 288, 288, 256], 'kernel_size': [5, 3, 3, 3, 3, 3]}",24.0,99.79
408,765.384,"[1, 3, 32, 32]",17.281,"{'depth': [1, 2, 2, 1, 3], 'out_channel': [64, 88, 88, 160, 160, 144, 576, 576, 576], 'kernel_size': [3, 3, 3, 3, 3, 3, 3, 3, 3]}",11.45,99.71
409,250.457,"[1, 3, 32, 32]",2.844,"{'depth': [1, 1, 1, 3, 1], 'out_channel': [40, 80, 128, 144, 144, 144, 320], 'kernel_size': [3, 3, 3, 3, 3, 3, 3]}",16.13,99.72
410,366.874,"[1, 3, 32, 32]",4.764,"{'depth': [1, 2, 1, 3, 2], 'out_channel': [48, 72, 72, 128, 144, 144, 144, 320, 320], 'kernel_size': [5, 3, 3, 3, 3, 3, 3, 3, 3]}",11.06,99.68
411,250.402,"[1, 3, 32, 32]",5.686,"{'depth': [1, 1, 1, 1, 1], 'out_channel': [64, 40, 144, 288, 544], 'kernel_size': [5, 3, 3, 3, 3]}",78.47,99.8
412,620.665,"[1, 3, 32, 32]",24.349,"{'depth': [1, 1, 1, 3, 3], 'out_channel': [32, 32, 80, 288, 288, 288, 640, 640, 640], 'kernel_size': [5, 3, 3, 3, 3, 3, 3, 3, 3]}",22.77,99.8
413,331.47,"[1, 3, 32, 32]",8.5,"{'depth': [1, 2, 1, 1, 2], 'out_channel': [32, 48, 48, 160, 224, 480, 480], 'kernel_size': [7, 3, 3, 3, 3, 3, 3]}",45.62,99.8
414,205.525,"[1, 3, 32, 32]",2.958,"{'depth': [1, 2, 1, 1, 1], 'out_channel': [48, 48, 48, 128, 160, 416], 'kernel_size': [5, 3, 3, 3, 3, 3]}",52.36,99.78
415,352.931,"[1, 3, 32, 32]",3.228,"{'depth': [1, 1, 2, 1, 1], 'out_channel': [32, 96, 128, 128, 272, 288], 'kernel_size': [5, 3, 3, 3, 3, 3]}",36.9,99.83
416,543.799,"[1, 3, 32, 32]",15.875,"{'depth': [1, 2, 2, 3, 3], 'out_channel': [40, 72, 72, 80, 80, 160, 160, 160, 544, 544, 544], 'kernel_size': [5, 3, 3, 3, 3, 3, 3, 3, 3, 3, 3]}",10.25,99.53
417,777.475,"[1, 3, 32, 32]",16.454,"{'depth': [1, 2, 1, 3, 3], 'out_channel': [32, 88, 88, 144, 288, 288, 288, 480, 480, 480], 'kernel_size': [3, 3, 3, 3, 3, 3, 3, 3, 3, 3]}",10.57,99.65
418,569.724,"[1, 3, 32, 32]",11.406,"{'depth': [1, 1, 2, 3, 3], 'out_channel': [32, 48, 144, 144, 288, 288, 288, 352, 352, 352], 'kernel_size': [3, 3, 3, 3, 3, 3, 3, 3, 3, 3]}",10.79,99.71
419,210.711,"[1, 3, 32, 32]",7.124,"{'depth': [1, 1, 1, 1, 2], 'out_channel': [40, 32, 80, 304, 416, 416], 'kernel_size': [5, 3, 3, 3, 3, 3]}",82.97,99.79
420,293.156,"[1, 3, 32, 32]",5.298,"{'depth': [1, 2, 2, 1, 1], 'out_channel': [40, 32, 32, 128, 128, 272, 512], 'kernel_size': [5, 3, 3, 3, 3, 3, 3]}",51.94,99.77
421,730.331,"[1, 3, 32, 32]",9.439,"{'depth': [1, 2, 1, 3, 1], 'out_channel': [56, 96, 96, 160, 272, 272, 272, 608], 'kernel_size': [3, 3, 3, 3, 3, 3, 3, 3]}",14.38,99.83
422,464.967,"[1, 3, 32, 32]",14.493,"{'depth': [1, 1, 1, 3, 3], 'out_channel': [64, 88, 80, 176, 176, 176, 512, 512, 512], 'kernel_size': [3, 3, 3, 3, 3, 3, 3, 3, 3]}",13.56,99.76
423,216.224,"[1, 3, 32, 32]",4.156,"{'depth': [1, 1, 2, 2, 1], 'out_channel': [48, 32, 96, 96, 192, 192, 448], 'kernel_size': [3, 3, 3, 3, 3, 3, 3]}",16.88,99.73
424,324.572,"[1, 3, 32, 32]",13.209,"{'depth': [1, 1, 1, 1, 3], 'out_channel': [32, 64, 96, 160, 512, 512, 512], 'kernel_size': [5, 3, 3, 3, 3, 3, 3]}",60.85,99.77
425,184.177,"[1, 3, 32, 32]",3.582,"{'depth': [1, 1, 1, 2, 1], 'out_channel': [32, 40, 128, 176, 176, 416], 'kernel_size': [3, 3, 3, 3, 3, 3]}",19.97,99.78
426,523.548,"[1, 3, 32, 32]",11.495,"{'depth': [1, 2, 2, 3, 2], 'out_channel': [56, 40, 40, 144, 144, 224, 224, 224, 512, 512], 'kernel_size': [3, 3, 3, 3, 3, 3, 3, 3, 3, 3]}",10.69,99.64
427,306.166,"[1, 3, 32, 32]",5.915,"{'depth': [1, 1, 2, 3, 1], 'out_channel': [40, 80, 80, 80, 160, 160, 160, 608], 'kernel_size': [5, 3, 3, 3, 3, 3, 3, 3]}",12.82,99.68
428,632.149,"[1, 3, 32, 32]",7.925,"{'depth': [1, 2, 2, 3, 1], 'out_channel': [32, 72, 72, 160, 160, 240, 240, 240, 544], 'kernel_size': [7, 3, 3, 3, 3, 3, 3, 3, 3]}",10.58,99.73
429,458.248,"[1, 3, 32, 32]",4.921,"{'depth': [1, 2, 2, 2, 1], 'out_channel': [64, 56, 56, 144, 144, 256, 256, 352], 'kernel_size': [3, 3, 3, 3, 3, 3, 3, 3]}",10.85,99.76
430,352.276,"[1, 3, 32, 32]",8.042,"{'depth': [1, 2, 2, 2, 3], 'out_channel': [48, 64, 64, 80, 80, 128, 128, 384, 384, 384], 'kernel_size': [3, 3, 3, 3, 3, 3, 3, 3, 3, 3]}",10.52,99.55
431,267.203,"[1, 3, 32, 32]",4.573,"{'depth': [1, 2, 2, 2, 1], 'out_channel': [40, 40, 40, 80, 80, 240, 240, 416], 'kernel_size': [5, 3, 3, 3, 3, 3, 3, 3]}",16.81,99.73
432,270.535,"[1, 3, 32, 32]",4.833,"{'depth': [1, 1, 1, 2, 2], 'out_channel': [64, 32, 144, 256, 256, 256, 256], 'kernel_size': [5, 3, 3, 3, 3, 3, 3]}",16.71,99.76
433,570.364,"[1, 3, 32, 32]",10.401,"{'depth': [1, 1, 2, 3, 2], 'out_channel': [48, 40, 144, 144, 304, 304, 304, 384, 384], 'kernel_size': [3, 3, 3, 3, 3, 3, 3, 3, 3]}",11.35,99.73
434,357.47,"[1, 3, 32, 32]",10.347,"{'depth': [1, 1, 2, 1, 3], 'out_channel': [48, 80, 64, 64, 304, 416, 416, 416], 'kernel_size': [7, 3, 3, 3, 3, 3, 3, 3]}",56.49,99.84
435,449.878,"[1, 3, 32, 32]",7.119,"{'depth': [1, 2, 2, 1, 1], 'out_channel': [32, 48, 48, 160, 160, 320, 576], 'kernel_size': [7, 3, 3, 3, 3, 3, 3]}",44.42,99.81
436,312.169,"[1, 3, 32, 32]",13.015,"{'depth': [1, 1, 2, 1, 3], 'out_channel': [64, 48, 64, 64, 144, 512, 512, 512], 'kernel_size': [5, 3, 3, 3, 3, 3, 3, 3]}",46.17,99.75
437,393.419,"[1, 3, 32, 32]",7.075,"{'depth': [1, 1, 2, 2, 1], 'out_channel': [48, 72, 128, 128, 208, 208, 640], 'kernel_size': [3, 3, 3, 3, 3, 3, 3]}",11.99,99.77
438,238.662,"[1, 3, 32, 32]",4.619,"{'depth': [1, 2, 2, 1, 1], 'out_channel': [40, 32, 32, 96, 96, 304, 448], 'kernel_size': [5, 3, 3, 3, 3, 3, 3]}",62.72,99.73
439,273.085,"[1, 3, 32, 32]",12.842,"{'depth': [1, 1, 2, 1, 3], 'out_channel': [40, 32, 64, 64, 128, 512, 512, 512], 'kernel_size': [5, 3, 3, 3, 3, 3, 3, 3]}",58.43,99.66
440,613.783,"[1, 3, 32, 32]",19.679,"{'depth': [1, 2, 2, 2, 3], 'out_channel': [48, 56, 56, 128, 128, 192, 192, 608, 608, 608], 'kernel_size': [5, 3, 3, 3, 3, 3, 3, 3, 3, 3]}",10.11,99.36
441,435.359,"[1, 3, 32, 32]",10.898,"{'depth': [1, 2, 1, 3, 3], 'out_channel': [64, 48, 48, 64, 256, 256, 256, 384, 384, 384], 'kernel_size': [3, 3, 3, 3, 3, 3, 3, 3, 3, 3]}",14.58,99.85
442,656.234,"[1, 3, 32, 32]",19.612,"{'depth': [1, 2, 2, 2, 3], 'out_channel': [32, 88, 88, 64, 64, 208, 208, 608, 608, 608], 'kernel_size': [3, 3, 3, 3, 3, 3, 3, 3, 3, 3]}",10.41,99.67
443,454.342,"[1, 3, 32, 32]",17.697,"{'depth': [1, 1, 1, 1, 3], 'out_channel': [56, 56, 144, 256, 576, 576, 576], 'kernel_size': [5, 3, 3, 3, 3, 3, 3]}",63.94,99.81
444,475.478,"[1, 3, 32, 32]",13.462,"{'depth': [1, 2, 1, 1, 2], 'out_channel': [40, 72, 72, 128, 208, 640, 640], 'kernel_size': [3, 3, 3, 3, 3, 3, 3]}",34.04,99.81
445,523.098,"[1, 3, 32, 32]",19.997,"{'depth': [1, 1, 1, 2, 3], 'out_channel': [64, 48, 144, 224, 224, 608, 608, 608], 'kernel_size': [7, 3, 3, 3, 3, 3, 3, 3]}",12.53,99.76
446,279.883,"[1, 3, 32, 32]",6.629,"{'depth': [1, 1, 2, 1, 3], 'out_channel': [56, 56, 96, 96, 256, 320, 320, 320], 'kernel_size': [5, 3, 3, 3, 3, 3, 3, 3]}",45.82,99.8
447,504.098,"[1, 3, 32, 32]",3.303,"{'depth': [1, 2, 2, 3, 1], 'out_channel': [40, 80, 80, 160, 160, 128, 128, 128, 320], 'kernel_size': [5, 3, 3, 3, 3, 3, 3, 3, 3]}",10.31,99.48
448,548.583,"[1, 3, 32, 32]",13.393,"{'depth': [1, 2, 2, 3, 2], 'out_channel': [56, 48, 48, 128, 128, 224, 224, 224, 576, 576], 'kernel_size': [3, 3, 3, 3, 3, 3, 3, 3, 3, 3]}",10.33,99.57
449,356.388,"[1, 3, 32, 32]",7.084,"{'depth': [1, 2, 1, 1, 3], 'out_channel': [64, 56, 56, 144, 288, 320, 320, 320], 'kernel_size': [3, 3, 3, 3, 3, 3, 3, 3]}",47.31,99.84
450,205.951,"[1, 3, 32, 32]",3.166,"{'depth': [1, 1, 2, 1, 1], 'out_channel': [48, 72, 64, 64, 240, 384], 'kernel_size': [5, 3, 3, 3, 3, 3]}",64.26,99.81
451,423.881,"[1, 3, 32, 32]",5.581,"{'depth': [1, 2, 1, 2, 2], 'out_channel': [40, 64, 64, 144, 288, 288, 256, 256], 'kernel_size': [5, 3, 3, 3, 3, 3, 3, 3]}",10.99,99.72
452,263.474,"[1, 3, 32, 32]",2.393,"{'depth': [1, 1, 1, 2, 1], 'out_channel': [48, 88, 144, 128, 128, 320], 'kernel_size': [7, 3, 3, 3, 3, 3]}",14.74,99.68
453,469.324,"[1, 3, 32, 32]",6.404,"{'depth': [1, 2, 1, 1, 2], 'out_channel': [48, 88, 88, 128, 256, 384, 384], 'kernel_size': [7, 3, 3, 3, 3, 3, 3]}",35.29,99.83
454,264.13,"[1, 3, 32, 32]",6.125,"{'depth': [1, 1, 1, 2, 2], 'out_channel': [32, 48, 160, 176, 176, 384, 384], 'kernel_size': [5, 3, 3, 3, 3, 3, 3]}",12.47,99.72
455,646.492,"[1, 3, 32, 32]",11.431,"{'depth': [1, 2, 1, 3, 3], 'out_channel': [40, 96, 96, 128, 208, 208, 208, 416, 416, 416], 'kernel_size': [5, 3, 3, 3, 3, 3, 3, 3, 3, 3]}",10.5,99.63
456,425.563,"[1, 3, 32, 32]",4.027,"{'depth': [1, 2, 1, 1, 1], 'out_channel': [48, 88, 88, 144, 176, 480], 'kernel_size': [7, 3, 3, 3, 3, 3]}",46.97,99.79
457,644.886,"[1, 3, 32, 32]",8.091,"{'depth': [1, 2, 2, 3, 2], 'out_channel': [40, 80, 80, 160, 160, 208, 208, 208, 384, 384], 'kernel_size': [5, 3, 3, 3, 3, 3, 3, 3, 3, 3]}",10.12,99.48
458,332.796,"[1, 3, 32, 32]",7.717,"{'depth': [1, 1, 2, 2, 2], 'out_channel': [48, 64, 80, 80, 240, 240, 416, 416], 'kernel_size': [5, 3, 3, 3, 3, 3, 3, 3]}",11.6,99.77
459,351.621,"[1, 3, 32, 32]",3.112,"{'depth': [1, 2, 1, 1, 1], 'out_channel': [64, 80, 80, 96, 208, 384], 'kernel_size': [7, 3, 3, 3, 3, 3]}",60.68,99.85
460,184.718,"[1, 3, 32, 32]",3.219,"{'depth': [1, 1, 1, 1, 1], 'out_channel': [48, 72, 80, 176, 448], 'kernel_size': [5, 3, 3, 3, 3]}",73.03,99.79
461,357.866,"[1, 3, 32, 32]",12.577,"{'depth': [1, 1, 1, 1, 2], 'out_channel': [32, 72, 144, 128, 640, 640], 'kernel_size': [3, 3, 3, 3, 3, 3]}",42.71,99.73
462,268.614,"[1, 3, 32, 32]",5.396,"{'depth': [1, 2, 1, 2, 1], 'out_channel': [40, 56, 56, 96, 160, 160, 608], 'kernel_size': [3, 3, 3, 3, 3, 3, 3]}",13.59,99.75
463,195.096,"[1, 3, 32, 32]",4.414,"{'depth': [1, 2, 1, 3, 2], 'out_channel': [56, 32, 32, 80, 144, 144, 144, 320, 320], 'kernel_size': [7, 3, 3, 3, 3, 3, 3, 3, 3]}",20.76,99.66
464,439.694,"[1, 3, 32, 32]",13.498,"{'depth': [1, 2, 2, 1, 3], 'out_channel': [40, 48, 48, 128, 128, 144, 512, 512, 512], 'kernel_size': [5, 3, 3, 3, 3, 3, 3, 3, 3]}",13.76,99.75
465,650.056,"[1, 3, 32, 32]",11.652,"{'depth': [1, 2, 2, 2, 2], 'out_channel': [48, 72, 72, 128, 128, 320, 320, 480, 480], 'kernel_size': [7, 3, 3, 3, 3, 3, 3, 3, 3]}",10.19,99.59
466,484.768,"[1, 3, 32, 32]",16.192,"{'depth': [1, 1, 1, 3, 2], 'out_channel': [40, 32, 128, 256, 256, 256, 640, 640], 'kernel_size': [3, 3, 3, 3, 3, 3, 3, 3]}",17.2,99.77
467,215.354,"[1, 3, 32, 32]",3.809,"{'depth': [1, 1, 2, 2, 2], 'out_channel': [48, 56, 64, 64, 208, 208, 256, 256], 'kernel_size': [3, 3, 3, 3, 3, 3, 3, 3]}",12.55,99.67
468,364.449,"[1, 3, 32, 32]",4.899,"{'depth': [1, 1, 2, 2, 2], 'out_channel': [48, 72, 128, 128, 208, 208, 288, 288], 'kernel_size': [7, 3, 3, 3, 3, 3, 3, 3]}",10.56,99.63
469,377.403,"[1, 3, 32, 32]",12.007,"{'depth': [1, 1, 2, 1, 2], 'out_channel': [40, 64, 112, 112, 176, 608, 608], 'kernel_size': [3, 3, 3, 3, 3, 3, 3]}",23.28,99.79
470,248.14,"[1, 3, 32, 32]",3.931,"{'depth': [1, 2, 2, 1, 1], 'out_channel': [64, 32, 32, 112, 112, 256, 416], 'kernel_size': [5, 3, 3, 3, 3, 3, 3]}",54.05,99.75
471,420.788,"[1, 3, 32, 32]",12.12,"{'depth': [1, 2, 1, 1, 2], 'out_channel': [40, 64, 64, 96, 304, 576, 576], 'kernel_size': [3, 3, 3, 3, 3, 3, 3]}",56.86,99.84
472,298.932,"[1, 3, 32, 32]",12.612,"{'depth': [1, 1, 1, 2, 2], 'out_channel': [48, 40, 96, 128, 128, 640, 640], 'kernel_size': [7, 3, 3, 3, 3, 3, 3]}",17.18,99.69
473,578.736,"[1, 3, 32, 32]",6.021,"{'depth': [1, 2, 2, 1, 2], 'out_channel': [32, 88, 88, 160, 160, 224, 352, 352], 'kernel_size': [7, 3, 3, 3, 3, 3, 3, 3]}",12.89,99.75
474,324.079,"[1, 3, 32, 32]",4.712,"{'depth': [1, 1, 2, 1, 2], 'out_channel': [48, 72, 128, 128, 208, 320, 320], 'kernel_size': [7, 3, 3, 3, 3, 3, 3]}",21.19,99.78
475,387.731,"[1, 3, 32, 32]",5.125,"{'depth': [1, 2, 1, 3, 1], 'out_channel': [64, 56, 56, 112, 240, 240, 240, 352], 'kernel_size': [5, 3, 3, 3, 3, 3, 3, 3]}",14.29,99.8
476,350.704,"[1, 3, 32, 32]",10.379,"{'depth': [1, 2, 1, 1, 3], 'out_channel': [32, 40, 40, 160, 272, 416, 416, 416], 'kernel_size': [7, 3, 3, 3, 3, 3, 3, 3]}",60.05,99.84
477,386.322,"[1, 3, 32, 32]",8.635,"{'depth': [1, 1, 2, 3, 3], 'out_channel': [32, 32, 112, 112, 240, 240, 240, 320, 320, 320], 'kernel_size': [5, 3, 3, 3, 3, 3, 3, 3, 3, 3]}",12.34,99.72
478,523.129,"[1, 3, 32, 32]",8.468,"{'depth': [1, 2, 1, 3, 3], 'out_channel': [48, 96, 96, 96, 128, 128, 128, 384, 384, 384], 'kernel_size': [7, 3, 3, 3, 3, 3, 3, 3, 3, 3]}",11.41,99.7
479,215.077,"[1, 3, 32, 32]",3.953,"{'depth': [1, 2, 1, 1, 1], 'out_channel': [64, 32, 32, 128, 272, 416], 'kernel_size': [7, 3, 3, 3, 3, 3]}",74.86,99.81
480,206.197,"[1, 3, 32, 32]",4.291,"{'depth': [1, 1, 1, 1, 1], 'out_channel': [32, 48, 128, 272, 448], 'kernel_size': [5, 3, 3, 3, 3]}",74.58,99.84
481,244.855,"[1, 3, 32, 32]",7.839,"{'depth': [1, 1, 2, 1, 3], 'out_channel': [40, 40, 96, 96, 144, 384, 384, 384], 'kernel_size': [7, 3, 3, 3, 3, 3, 3, 3]}",37.96,99.75
482,358.453,"[1, 3, 32, 32]",4.676,"{'depth': [1, 2, 2, 2, 1], 'out_channel': [48, 64, 64, 80, 80, 240, 240, 416], 'kernel_size': [5, 3, 3, 3, 3, 3, 3, 3]}",12.25,99.74
483,353.726,"[1, 3, 32, 32]",5.338,"{'depth': [1, 1, 1, 3, 2], 'out_channel': [56, 88, 128, 176, 176, 176, 320, 320], 'kernel_size': [7, 3, 3, 3, 3, 3, 3, 3]}",11.81,99.71
484,292.968,"[1, 3, 32, 32]",9.661,"{'depth': [1, 2, 1, 3, 2], 'out_channel': [32, 48, 48, 64, 128, 128, 128, 544, 544], 'kernel_size': [7, 3, 3, 3, 3, 3, 3, 3, 3]}",15.29,99.65
485,219.729,"[1, 3, 32, 32]",5.507,"{'depth': [1, 1, 1, 1, 2], 'out_channel': [32, 64, 80, 288, 352, 352], 'kernel_size': [3, 3, 3, 3, 3, 3]}",73.12,99.82
486,629.067,"[1, 3, 32, 32]",7.154,"{'depth': [1, 2, 2, 3, 1], 'out_channel': [32, 56, 56, 160, 160, 304, 304, 304, 288], 'kernel_size': [3, 3, 3, 3, 3, 3, 3, 3, 3]}",10.58,99.74
487,296.376,"[1, 3, 32, 32]",4.588,"{'depth': [1, 2, 2, 1, 1], 'out_channel': [32, 64, 64, 96, 96, 144, 576], 'kernel_size': [3, 3, 3, 3, 3, 3, 3]}",27.65,99.73
488,488.125,"[1, 3, 32, 32]",10.689,"{'depth': [1, 1, 2, 2, 2], 'out_channel': [40, 80, 112, 112, 288, 288, 480, 480], 'kernel_size': [3, 3, 3, 3, 3, 3, 3, 3]}",10.81,99.76
489,301.01,"[1, 3, 32, 32]",3.825,"{'depth': [1, 2, 1, 1, 2], 'out_channel': [48, 64, 64, 144, 192, 288, 288], 'kernel_size': [3, 3, 3, 3, 3, 3, 3]}",35.94,99.8
490,265.137,"[1, 3, 32, 32]",3.935,"{'depth': [1, 1, 1, 3, 1], 'out_channel': [40, 32, 160, 208, 208, 208, 288], 'kernel_size': [5, 3, 3, 3, 3, 3, 3]}",24.11,99.74
491,222.137,"[1, 3, 32, 32]",2.263,"{'depth': [1, 2, 1, 2, 1], 'out_channel': [32, 56, 56, 128, 128, 128, 320], 'kernel_size': [3, 3, 3, 3, 3, 3, 3]}",12.21,99.7
492,219.72,"[1, 3, 32, 32]",4.767,"{'depth': [1, 2, 1, 1, 3], 'out_channel': [56, 32, 32, 128, 256, 256, 256, 256], 'kernel_size': [7, 3, 3, 3, 3, 3, 3, 3]}",62.82,99.79
493,242.005,"[1, 3, 32, 32]",4.339,"{'depth': [1, 1, 2, 1, 1], 'out_channel': [56, 48, 112, 112, 192, 512], 'kernel_size': [5, 3, 3, 3, 3, 3]}",45.71,99.79
494,754.08,"[1, 3, 32, 32]",22.188,"{'depth': [1, 2, 1, 2, 3], 'out_channel': [64, 72, 72, 128, 320, 320, 608, 608, 608], 'kernel_size': [3, 3, 3, 3, 3, 3, 3, 3, 3]}",10.61,99.74
495,282.637,"[1, 3, 32, 32]",5.217,"{'depth': [1, 1, 1, 2, 1], 'out_channel': [40, 48, 160, 224, 224, 480], 'kernel_size': [5, 3, 3, 3, 3, 3]}",23.21,99.83
496,572.921,"[1, 3, 32, 32]",12.224,"{'depth': [1, 1, 2, 1, 2], 'out_channel': [48, 96, 160, 160, 240, 576, 576], 'kernel_size': [3, 3, 3, 3, 3, 3, 3]}",22.22,99.78
497,542.266,"[1, 3, 32, 32]",10.456,"{'depth': [1, 1, 2, 2, 2], 'out_channel': [32, 72, 144, 144, 304, 304, 448, 448], 'kernel_size': [7, 3, 3, 3, 3, 3, 3, 3]}",10.67,99.7
498,207.342,"[1, 3, 32, 32]",3.818,"{'depth': [1, 1, 1, 2, 2], 'out_channel': [32, 64, 112, 160, 160, 288, 288], 'kernel_size': [5, 3, 3, 3, 3, 3, 3]}",11.88,99.69
499,326.521,"[1, 3, 32, 32]",7.713,"{'depth': [1, 2, 1, 2, 2], 'out_channel': [48, 56, 56, 96, 192, 192, 448, 448], 'kernel_size': [3, 3, 3, 3, 3, 3, 3, 3]}",11.43,99.78
